person_id,Sex,past_login_total,past_1_month_login,past_1_week_login,sub_size,email_type,phone_rat,apple_rat,login
1015,male,1.0,0.0,0.0,0.0,naver,0.0,1.0,0
1940,female,2.0,0.0,0.0,0.0,other,1.0,1.0,0
1356,male,1.0,0.0,0.0,0.0,other,1.0,0.0,0
1535,male,2.0,0.0,0.0,0.0,other,0.0,1.0,0
216,female,,,,0.0,naver,0.0,0.0,0
821,female,4.0,0.0,0.0,0.0,naver,0.0,0.0,0
543,male,,,,0.0,naver,0.0625,0.0,0
791,female,48.0,0.0,0.0,28.0,gmail,0.0,0.8541666666666666,0
1721,male,2.0,0.0,0.0,0.0,nate,0.0,0.0,0
1461,female,5.0,0.0,0.0,0.0,naver,0.0,0.8,0
1658,male,2.0,0.0,0.0,0.0,gmail,1.0,0.0,0
234,female,2.0,1.0,0.0,0.0,naver,0.0,0.0,0
783,male,1.0,0.0,0.0,0.0,gmail,0.0,0.0,0
1155,male,,,,0.0,naver,0.0,0.0,0
1643,male,14.0,0.0,0.0,0.0,gmail,0.07142857142857142,0.0,1
1853,male,1.0,0.0,0.0,0.0,gmail,0.0,1.0,0
2153,female,1.0,0.0,0.0,0.0,gmail,0.0,0.0,0
1438,female,2.0,0.0,0.0,0.0,gmail,0.5,0.5,1
1528,female,2.0,0.0,0.0,0.0,gmail,0.0,1.0,0
847,male,3.0,0.0,0.0,0.0,naver,0.0,0.0,0
1697,male,8.0,0.0,0.0,0.0,naver,0.25,0.25,0
1059,male,9.0,0.0,0.0,0.0,other,0.7777777777777778,0.0,0
688,female,234.0,0.0,0.0,139.0,nate,0.06837606837606837,0.0,0
1192,female,9.0,0.0,0.0,0.0,gmail,0.0,0.0,0
1203,male,12.0,0.0,0.0,0.0,gmail,0.08333333333333333,0.08333333333333333,1
1784,female,4.0,0.0,0.0,0.0,naver,0.25,0.25,0
919,female,58.0,0.0,0.0,3.0,gmail,0.0,1.0,0
1848,male,2.0,0.0,0.0,0.0,gmail,0.0,0.0,0
378,male,7.0,0.0,0.0,1.0,naver,0.0,0.0,0
907,female,1.0,0.0,0.0,0.0,gmail,0.0,1.0,0
1041,male,1.0,0.0,0.0,0.0,gmail,0.0,0.0,0
485,male,1.0,0.0,0.0,1.0,other,0.0,0.0,0
1289,female,,,,0.0,other,0.0,0.0,0
2052,female,1.0,0.0,0.0,0.0,naver,0.0,0.0,0
304,female,240.0,2.0,0.0,114.0,naver,0.016666666666666666,0.016666666666666666,1
472,female,,,,1.0,other,0.0,0.0,0
914,female,1.0,0.0,0.0,0.0,gmail,0.0,0.0,0
1503,male,3.0,0.0,0.0,0.0,gmail,0.0,0.0,0
692,female,1.0,0.0,0.0,0.0,hanmail,0.0,0.0,1
2008,male,1.0,0.0,0.0,0.0,nate,0.0,0.0,0
25,female,10.0,5.0,5.0,9.0,naver,0.0,0.5,1
1952,female,1.0,0.0,0.0,0.0,naver,0.0,0.0,0
2172,male,1.0,0.0,0.0,0.0,other,0.0,0.0,0
1956,male,1.0,0.0,0.0,0.0,naver,0.0,1.0,0
63,female,10.0,2.0,2.0,0.0,other,0.0,0.0,1
855,male,1.0,0.0,0.0,0.0,gmail,1.0,0.0,0
374,male,24.0,0.0,0.0,6.0,naver,0.0,1.0,1
392,female,10.0,0.0,0.0,3.0,gmail,1.0,0.0,0
331,female,5.0,3.0,0.0,0.0,gmail,0.0,0.0,0
1881,female,2.0,0.0,0.0,0.0,other,0.5,0.5,0
1765,male,1.0,0.0,0.0,0.0,gmail,0.0,1.0,0
2083,female,3.0,0.0,0.0,0.0,gmail,0.0,0.0,0
1573,female,65.0,0.0,0.0,95.0,naver,0.015384615384615384,0.0,0
910,male,1.0,0.0,0.0,0.0,hanmail,0.0,0.0,0
1470,female,1.0,0.0,0.0,0.0,gmail,0.0,0.0,0
1337,male,1.0,0.0,0.0,0.0,other,0.0,0.0,0
2030,female,3.0,0.0,0.0,56.0,hanmail,0.0,0.0,0
841,male,14.0,0.0,0.0,5.0,naver,0.0,0.0,0
41,female,,,,163.0,gmail,0.0,0.0,1
276,female,1.0,1.0,0.0,0.0,gmail,0.0,0.0,0
27,male,10.0,4.0,4.0,3.0,naver,0.1,0.4,0
670,female,2.0,0.0,0.0,0.0,gmail,0.0,0.0,0
1021,female,1.0,0.0,0.0,0.0,other,0.0,0.0,0
788,female,8.0,0.0,0.0,0.0,naver,0.25,0.25,0
1995,female,1.0,0.0,0.0,0.0,gmail,0.0,0.0,0
1845,male,1.0,0.0,0.0,0.0,naver,0.0,0.0,0
1185,female,1.0,0.0,0.0,0.0,gmail,0.0,1.0,1
1033,female,1.0,0.0,0.0,0.0,gmail,0.0,1.0,0
311,female,,,,0.0,naver,0.0,0.0,1
1062,female,1.0,0.0,0.0,0.0,gmail,0.0,0.0,0
165,male,26.0,12.0,1.0,0.0,gmail,0.0,0.0,1
993,female,1.0,0.0,0.0,0.0,gmail,0.0,1.0,0
467,male,1.0,0.0,0.0,1.0,other,0.0,0.0,0
1844,female,2.0,0.0,0.0,0.0,naver,0.0,0.0,0
967,female,1.0,0.0,0.0,0.0,hanmail,0.0,1.0,0
1809,male,1.0,0.0,0.0,0.0,naver,0.0,0.0,0
275,male,1.0,1.0,0.0,0.0,gmail,0.0,0.0,0
614,female,3.0,0.0,0.0,0.0,gmail,0.0,0.0,0
1063,female,61.0,0.0,0.0,25.0,naver,0.0,0.0,0
1212,female,2.0,0.0,0.0,0.0,naver,0.0,1.0,0
2094,male,3.0,0.0,0.0,3.0,naver,0.0,0.0,0
449,male,4.0,0.0,0.0,0.0,naver,0.0,0.0,0
68,female,5.0,5.0,3.0,0.0,gmail,0.4,0.0,1
98,female,4.0,4.0,3.0,0.0,gmail,0.0,1.0,1
148,female,1.0,1.0,1.0,0.0,gmail,0.0,1.0,0
75,male,139.0,5.0,5.0,17.0,gmail,0.07913669064748201,0.0,1
7,male,2.0,2.0,1.0,0.0,gmail,0.0,1.0,1
1682,male,7.0,0.0,0.0,0.0,gmail,0.0,0.0,0
1001,female,6.0,0.0,0.0,0.0,gmail,0.0,0.0,0
726,male,,,,0.0,naver,0.0,1.0,0
2162,female,2.0,0.0,0.0,5.0,naver,0.0,1.0,0
2078,female,,,,1.0,gmail,1.0,0.0,0
1714,female,2.0,0.0,0.0,0.0,gmail,0.0,0.0,0
1581,female,,,,0.0,gmail,0.0,0.5,0
1797,female,1.0,0.0,0.0,0.0,gmail,0.0,0.0,0
308,female,1.0,1.0,0.0,0.0,gmail,0.0,0.0,0
958,male,6.0,0.0,0.0,0.0,gmail,0.5,0.0,0
519,female,5.0,0.0,0.0,0.0,gmail,0.0,0.0,0
2057,female,13.0,0.0,0.0,10.0,gmail,0.15384615384615385,0.7692307692307693,0
1308,male,1.0,0.0,0.0,0.0,naver,1.0,0.0,0
1156,male,23.0,0.0,0.0,8.0,gmail,0.0,0.0,0
542,male,2.0,0.0,0.0,0.0,gmail,0.0,0.0,0
1497,female,20.0,0.0,0.0,0.0,gmail,0.15,0.0,0
439,male,10.0,0.0,0.0,7.0,gmail,0.0,0.0,0
909,male,,,,0.0,other,0.0,0.0,0
1238,male,,,,0.0,nate,0.0,1.0,0
429,female,1.0,0.0,0.0,0.0,naver,0.0,0.0,0
2060,female,4.0,0.0,0.0,0.0,gmail,0.0,0.0,0
2066,male,3.0,0.0,0.0,0.0,gmail,0.0,0.0,0
1689,female,5.0,0.0,0.0,0.0,gmail,0.0,0.0,1
1600,female,8.0,0.0,0.0,2.0,other,0.0,0.875,0
861,female,1.0,0.0,0.0,0.0,gmail,0.0,0.0,0
21,male,11.0,2.0,1.0,0.0,gmail,0.0,0.0,1
1138,female,1.0,0.0,0.0,0.0,gmail,0.0,1.0,0
1482,female,1.0,0.0,0.0,0.0,gmail,0.0,1.0,0
1960,male,1.0,0.0,0.0,0.0,gmail,1.0,1.0,0
1050,male,1.0,0.0,0.0,0.0,gmail,0.0,1.0,0
2166,male,4.0,0.0,0.0,0.0,naver,0.0,0.0,0
509,male,7.0,0.0,0.0,0.0,gmail,0.42857142857142855,0.0,0
1243,female,1.0,0.0,0.0,0.0,other,1.0,0.0,0
415,female,1.0,0.0,0.0,0.0,gmail,0.0,0.0,0
290,male,1.0,1.0,0.0,0.0,hanmail,0.0,0.0,0
1504,female,2.0,0.0,0.0,0.0,gmail,0.0,0.0,0
1180,male,2.0,0.0,0.0,0.0,gmail,0.0,1.0,0
731,male,6.0,0.0,0.0,0.0,naver,0.0,0.0,1
1363,male,1.0,0.0,0.0,0.0,gmail,0.0,0.0,0
1403,female,7.0,0.0,0.0,0.0,gmail,0.0,0.0,0
1412,male,18.0,0.0,0.0,0.0,gmail,0.05555555555555555,0.0,0
1387,male,2.0,0.0,0.0,2.0,naver,0.0,0.0,0
563,female,1.0,0.0,0.0,0.0,gmail,0.0,0.0,0
1707,female,,,,0.0,gmail,0.2,0.2,0
1763,female,4.0,0.0,0.0,0.0,naver,0.25,0.0,0
546,female,4.0,0.0,0.0,0.0,gmail,0.0,0.0,0
514,male,1.0,0.0,0.0,0.0,other,0.0,0.0,0
1035,female,2.0,0.0,0.0,0.0,nate,0.0,1.0,0
1679,female,1.0,0.0,0.0,0.0,gmail,1.0,0.0,0
123,female,2.0,2.0,1.0,0.0,gmail,0.0,0.0,0
1353,female,1.0,0.0,0.0,0.0,gmail,0.0,0.0,0
619,male,1.0,0.0,0.0,0.0,gmail,0.0,0.0,0
2029,female,3.0,0.0,0.0,0.0,hanmail,0.3333333333333333,0.0,0
436,male,3.0,0.0,0.0,3.0,gmail,0.0,0.0,0
1466,female,,,,8.0,gmail,0.0,0.6666666666666666,0
1388,male,1.0,0.0,0.0,2.0,gmail,0.0,0.0,0
1565,male,1.0,0.0,0.0,0.0,gmail,0.0,0.0,0
55,female,1.0,1.0,1.0,0.0,gmail,0.0,0.0,0
2039,male,1.0,0.0,0.0,0.0,gmail,0.0,1.0,0
1566,female,3.0,0.0,0.0,0.0,naver,0.0,0.0,0
734,male,6.0,0.0,0.0,0.0,gmail,0.0,1.0,0
582,male,1.0,0.0,0.0,0.0,gmail,0.0,0.0,0
318,female,25.0,4.0,0.0,6.0,gmail,0.0,0.0,0
762,female,12.0,0.0,0.0,0.0,gmail,0.0,0.0,0
820,female,7.0,0.0,0.0,0.0,gmail,0.14285714285714285,0.5714285714285714,0
1593,male,1.0,0.0,0.0,0.0,other,0.0,0.0,0
673,female,1.0,0.0,0.0,0.0,naver,0.0,0.0,0
1840,female,1.0,0.0,0.0,0.0,naver,0.0,0.0,0
457,male,1.0,0.0,0.0,0.0,gmail,0.0,0.0,0
459,male,3.0,0.0,0.0,0.0,gmail,0.0,0.0,0
360,female,16.0,0.0,0.0,1.0,gmail,0.0,0.0,0
584,female,1.0,0.0,0.0,0.0,naver,0.0,1.0,0
607,female,38.0,0.0,0.0,0.0,hanmail,0.13157894736842105,0.13157894736842105,1
2105,female,4.0,0.0,0.0,0.0,gmail,0.0,0.0,0
24,male,3.0,3.0,2.0,0.0,gmail,0.0,1.0,1
54,male,4.0,4.0,4.0,0.0,naver,0.0,0.0,0
916,male,6.0,0.0,0.0,0.0,naver,0.0,0.0,0
755,female,2.0,0.0,0.0,0.0,nate,0.0,0.0,0
517,female,8.0,0.0,0.0,0.0,gmail,0.0,0.125,0
1086,male,7.0,0.0,0.0,0.0,gmail,0.0,0.0,0
1359,male,1.0,0.0,0.0,0.0,gmail,1.0,0.0,0
648,female,2.0,0.0,0.0,0.0,gmail,0.0,1.0,0
710,female,4.0,0.0,0.0,0.0,gmail,0.0,0.0,0
437,female,11.0,0.0,0.0,6.0,hanmail,0.0,0.8181818181818182,0
2164,male,1.0,0.0,0.0,0.0,other,0.0,0.0,0
1863,female,,,,0.0,gmail,0.0,0.0,0
495,female,2.0,0.0,0.0,0.0,gmail,1.0,0.0,1
1390,female,12.0,0.0,0.0,3.0,gmail,0.0,1.0,0
2139,female,1.0,0.0,0.0,0.0,nate,0.0,0.0,0
1805,female,1.0,0.0,0.0,1.0,gmail,0.0,0.0,0
1331,female,13.0,0.0,0.0,0.0,naver,0.6153846153846154,0.0,0
1299,male,2.0,0.0,0.0,0.0,naver,0.0,1.0,0
36,female,1.0,1.0,1.0,0.0,gmail,0.0,0.0,1
1066,male,,,,0.0,gmail,0.0,0.0,0
926,female,56.0,0.0,0.0,2.0,gmail,0.0,0.0,0
1607,female,3.0,0.0,0.0,0.0,naver,1.0,0.0,0
767,female,1.0,0.0,0.0,0.0,gmail,0.0,0.0,0
1282,male,1.0,0.0,0.0,0.0,other,0.0,0.0,0
2130,male,1.0,0.0,0.0,0.0,gmail,0.0,0.0,0
1764,female,4.0,0.0,0.0,0.0,gmail,0.0,1.0,0
665,female,1.0,0.0,0.0,0.0,other,0.0,1.0,0
1340,male,1.0,0.0,0.0,0.0,other,1.0,0.0,0
690,female,3.0,0.0,0.0,0.0,gmail,0.0,0.0,0
1107,female,5.0,0.0,0.0,0.0,gmail,0.8,0.0,0
768,male,3.0,0.0,0.0,0.0,other,0.0,0.0,0
1450,male,2.0,0.0,0.0,0.0,gmail,0.0,0.0,0
445,female,4.0,0.0,0.0,0.0,gmail,0.0,0.0,0
924,female,16.0,0.0,0.0,0.0,gmail,0.0,0.0,0
1594,male,3.0,0.0,0.0,0.0,gmail,0.0,0.0,0
1332,female,14.0,0.0,0.0,0.0,other,0.6428571428571429,0.0,0
934,male,4.0,0.0,0.0,0.0,gmail,0.25,0.0,0
2182,male,1.0,0.0,0.0,0.0,nate,0.0,0.0,0
307,male,,,,0.0,gmail,0.0,1.0,0
296,female,15.0,3.0,0.0,2.0,naver,0.0,0.0,0
1162,male,1.0,0.0,0.0,0.0,naver,0.0,0.0,0
1170,male,1.0,0.0,0.0,0.0,gmail,0.0,0.0,0
675,female,14.0,0.0,0.0,0.0,naver,0.0,0.0,0
140,female,1.0,1.0,1.0,0.0,gmail,0.0,0.0,0
786,male,9.0,0.0,0.0,0.0,gmail,0.0,0.5555555555555556,0
1792,male,6.0,0.0,0.0,0.0,hanmail,0.0,0.0,0
2108,female,1.0,0.0,0.0,0.0,naver,0.0,0.0,0
986,female,4.0,0.0,0.0,0.0,gmail,0.0,0.0,0
1521,male,1.0,0.0,0.0,0.0,gmail,0.0,0.0,0
252,female,94.0,18.0,0.0,1.0,gmail,0.8617021276595744,0.8617021276595744,1
829,male,15.0,0.0,0.0,2.0,gmail,0.0,1.0,0
2115,male,1.0,0.0,0.0,0.0,gmail,1.0,1.0,0
1023,male,1.0,0.0,0.0,0.0,gmail,0.0,0.0,0
559,male,1.0,0.0,0.0,0.0,naver,0.0,0.0,0
369,female,19.0,0.0,0.0,0.0,gmail,0.0,0.0,0
1970,male,1.0,0.0,0.0,0.0,gmail,0.0,0.0,0
1543,male,,,,0.0,gmail,0.0,0.0,0
879,male,3.0,0.0,0.0,0.0,gmail,0.0,0.0,0
877,female,2.0,0.0,0.0,0.0,nate,0.0,0.0,0
504,female,3.0,0.0,0.0,3.0,naver,0.0,0.0,0
293,female,9.0,1.0,0.0,0.0,naver,0.2222222222222222,0.0,0
1378,female,5.0,0.0,0.0,0.0,other,0.0,0.0,0
1414,female,35.0,0.0,0.0,76.0,other,0.08571428571428573,1.0,0
954,male,1.0,0.0,0.0,0.0,gmail,0.0,0.0,0
1739,female,3.0,0.0,0.0,0.0,naver,0.0,0.0,0
1320,female,14.0,0.0,0.0,0.0,other,0.5,0.0,0
850,female,4.0,0.0,0.0,0.0,gmail,0.0,0.0,0
1990,female,,,,0.0,naver,0.0,0.0,0
1928,female,2.0,0.0,0.0,0.0,gmail,0.0,1.0,0
1099,female,,,,0.0,other,0.0,0.0,0
1641,male,3.0,0.0,0.0,0.0,gmail,1.0,0.0,0
1712,female,27.0,0.0,0.0,20.0,gmail,0.0,0.0,0
2018,male,,,,4.0,naver,0.0,0.0,0
1563,male,5.0,0.0,0.0,0.0,gmail,0.2,0.0,0
1663,female,2.0,0.0,0.0,0.0,gmail,0.0,1.0,0
532,female,17.0,0.0,0.0,0.0,gmail,0.0,0.0,0
1937,female,1.0,0.0,0.0,0.0,naver,0.0,1.0,0
634,female,,,,0.0,gmail,0.0,0.0,1
1522,male,1.0,0.0,0.0,0.0,naver,1.0,1.0,0
2179,male,1.0,0.0,0.0,0.0,gmail,0.0,1.0,0
1262,female,1.0,0.0,0.0,0.0,other,0.0,0.0,0
1982,female,1.0,0.0,0.0,0.0,gmail,0.0,0.0,0
315,female,2.0,2.0,0.0,0.0,gmail,0.0,0.0,0
1011,female,19.0,0.0,0.0,1.0,gmail,0.21052631578947367,0.21052631578947367,0
1927,female,8.0,0.0,0.0,0.0,gmail,0.25,0.0,0
1233,male,1.0,0.0,0.0,0.0,other,1.0,0.0,0
2006,female,4.0,0.0,0.0,0.0,gmail,0.0,0.0,0
438,female,1.0,0.0,0.0,0.0,gmail,0.0,0.0,0
764,female,7.0,0.0,0.0,0.0,gmail,0.0,0.0,0
679,female,1.0,0.0,0.0,0.0,naver,0.0,0.0,0
1744,female,1.0,0.0,0.0,0.0,gmail,0.0,1.0,0
440,female,1.0,0.0,0.0,0.0,naver,0.0,0.0,0
699,female,2.0,0.0,0.0,0.0,gmail,0.0,0.0,0
1294,female,1.0,0.0,0.0,0.0,other,0.0,0.0,0
2180,male,1.0,0.0,0.0,0.0,gmail,0.0,1.0,0
385,male,9.0,0.0,0.0,2.0,naver,0.0,0.0,1
1409,male,1.0,0.0,0.0,0.0,gmail,0.0,1.0,0
431,male,16.0,0.0,0.0,9.0,nate,0.0625,0.0,1
1648,female,1.0,0.0,0.0,3.0,other,0.0,0.0,0
2033,female,1.0,0.0,0.0,0.0,gmail,0.0,1.0,0
2021,female,1.0,0.0,0.0,0.0,gmail,0.0,0.0,0
944,female,3.0,0.0,0.0,0.0,other,0.0,0.0,0
79,male,17.0,9.0,9.0,0.0,gmail,0.2352941176470588,0.8823529411764706,1
281,female,2.0,2.0,0.0,0.0,gmail,0.5,0.0,0
354,male,12.0,0.0,0.0,1.0,gmail,0.08333333333333333,0.5,0
40,female,5.0,5.0,5.0,1.0,gmail,0.2,0.0,0
1847,female,5.0,0.0,0.0,0.0,gmail,0.6,0.0,0
3,male,13.0,13.0,11.0,7.0,gmail,0.07692307692307693,1.0,1
149,female,2.0,2.0,1.0,0.0,gmail,0.0,1.0,1
141,male,4.0,4.0,4.0,0.0,gmail,0.0,0.0,1
1112,female,1.0,0.0,0.0,0.0,gmail,0.0,1.0,0
596,male,2.0,0.0,0.0,0.0,gmail,0.0,1.0,0
483,male,1.0,0.0,0.0,1.0,other,0.0,0.0,0
1003,male,,,,0.0,gmail,0.0,0.0,0
1954,female,1.0,0.0,0.0,0.0,gmail,1.0,0.0,0
1516,female,6.0,0.0,0.0,5.0,gmail,0.0,0.16666666666666666,0
499,male,,,,0.0,gmail,0.0,0.0,1
1532,female,11.0,0.0,0.0,0.0,hanmail,0.09090909090909093,0.0,0
1433,female,2.0,0.0,0.0,0.0,gmail,1.0,1.0,0
1825,male,1.0,0.0,0.0,0.0,gmail,0.0,1.0,0
155,male,31.0,6.0,1.0,1.0,gmail,0.03225806451612903,0.03225806451612903,0
355,male,2.0,0.0,0.0,0.0,gmail,0.0,1.0,0
604,female,25.0,0.0,0.0,46.0,gmail,0.0,0.92,0
621,male,19.0,0.0,0.0,9.0,gmail,0.0,1.0,0
540,male,1.0,0.0,0.0,0.0,gmail,0.0,1.0,0
1315,female,2.0,0.0,0.0,0.0,other,0.5,0.0,0
1016,female,14.0,0.0,0.0,0.0,naver,0.0,0.0,0
869,male,11.0,0.0,0.0,1.0,gmail,0.0,0.0,0
2087,female,1.0,0.0,0.0,0.0,gmail,0.0,1.0,0
647,male,,,,0.0,gmail,0.0,0.0,0
1277,female,1.0,0.0,0.0,0.0,other,0.0,0.0,0
1943,male,1.0,0.0,0.0,0.0,gmail,0.0,0.0,0
1123,female,11.0,0.0,0.0,1.0,naver,0.0,0.0,0
328,male,19.0,2.0,0.0,4.0,gmail,0.0,0.0,0
940,female,18.0,0.0,0.0,0.0,gmail,0.1111111111111111,0.0,0
1586,female,1.0,0.0,0.0,0.0,gmail,0.0,0.0,0
1619,female,1.0,0.0,0.0,0.0,naver,0.0,1.0,0
2028,female,5.0,0.0,0.0,0.0,gmail,0.4,0.0,0
664,female,1.0,0.0,0.0,0.0,naver,0.0,0.0,0
1646,male,,,,100.0,naver,0.0,0.0,0
2174,female,2.0,0.0,0.0,0.0,other,0.0,0.0,0
362,male,3.0,0.0,0.0,0.0,gmail,0.3333333333333333,0.0,0
91,female,7.0,3.0,2.0,0.0,gmail,0.0,0.0,1
830,female,1.0,0.0,0.0,0.0,gmail,0.0,0.0,0
407,female,2.0,0.0,0.0,0.0,gmail,0.0,0.0,0
202,male,1.0,1.0,0.0,0.0,naver,0.0,0.0,1
1227,female,1.0,0.0,0.0,0.0,naver,0.0,1.0,0
1205,female,7.0,0.0,0.0,0.0,gmail,0.14285714285714285,0.8571428571428571,0
832,female,1.0,0.0,0.0,0.0,gmail,0.0,0.0,0
2165,female,1.0,0.0,0.0,0.0,gmail,0.0,0.0,0
448,male,3.0,0.0,0.0,0.0,gmail,0.0,0.3333333333333333,0
1753,female,10.0,0.0,0.0,0.0,gmail,0.2,1.0,0
227,male,2.0,1.0,0.0,0.0,gmail,0.5,0.0,0
1661,female,5.0,0.0,0.0,0.0,naver,0.0,0.0,0
1125,female,1.0,0.0,0.0,0.0,other,0.0,1.0,0
349,female,1.0,0.0,0.0,0.0,gmail,0.0,1.0,0
891,female,2.0,0.0,0.0,0.0,gmail,0.0,0.0,0
417,male,1.0,0.0,0.0,0.0,gmail,0.0,1.0,0
1859,female,,,,0.0,naver,0.0,0.0,1
606,male,1.0,0.0,0.0,0.0,gmail,0.0,0.0,0
137,female,,,,0.0,gmail,0.0,1.0,0
927,female,32.0,0.0,0.0,19.0,naver,0.0,0.0,0
1621,female,1.0,0.0,0.0,0.0,gmail,0.0,0.0,0
344,female,10.0,1.0,0.0,1.0,gmail,0.0,0.0,0
203,male,1.0,1.0,0.0,0.0,gmail,0.0,1.0,1
1931,male,2.0,0.0,0.0,0.0,naver,0.0,0.0,0
501,male,2.0,0.0,0.0,0.0,gmail,0.0,0.0,0
1397,female,2.0,0.0,0.0,3.0,other,0.0,0.0,0
1518,male,30.0,0.0,0.0,0.0,naver,0.0,0.0,0
789,female,1.0,0.0,0.0,0.0,other,0.0,0.0,0
1585,female,1.0,0.0,0.0,0.0,gmail,0.0,1.0,0
530,female,1.0,0.0,0.0,0.0,gmail,0.0,0.0,0
2095,male,1.0,0.0,0.0,0.0,naver,0.0,1.0,0
1457,female,3.0,0.0,0.0,10.0,gmail,0.0,0.0,0
796,female,1.0,0.0,0.0,0.0,other,1.0,0.0,0
1281,male,3.0,0.0,0.0,0.0,other,0.3333333333333333,0.0,0
804,female,1.0,0.0,0.0,0.0,gmail,0.0,0.0,0
617,female,1.0,0.0,0.0,0.0,gmail,0.0,0.0,0
245,female,12.0,3.0,0.0,0.0,gmail,0.0,0.0,0
1948,male,1.0,0.0,0.0,0.0,other,0.0,0.0,0
569,female,5.0,0.0,0.0,0.0,gmail,0.4,0.0,0
6,male,4.0,3.0,2.0,0.0,gmail,0.0,0.0,1
1019,male,3.0,0.0,0.0,0.0,gmail,0.3333333333333333,0.3333333333333333,0
2036,female,1.0,0.0,0.0,0.0,gmail,0.0,0.0,0
1695,female,1.0,0.0,0.0,0.0,gmail,0.0,1.0,0
983,male,,,,0.0,gmail,1.0,0.0,0
599,male,4.0,0.0,0.0,0.0,gmail,0.0,0.0,0
471,male,,,,1.0,other,0.0,0.0,0
103,male,1.0,1.0,1.0,0.0,naver,1.0,0.0,0
1303,male,1.0,0.0,0.0,0.0,other,0.0,0.0,0
38,male,1.0,1.0,1.0,0.0,gmail,0.0,1.0,0
1732,male,6.0,0.0,0.0,0.0,naver,0.16666666666666666,0.0,0
1855,male,,,,0.0,gmail,0.0,0.2,0
2000,female,1.0,0.0,0.0,0.0,gmail,0.0,1.0,0
120,female,6.0,6.0,1.0,0.0,naver,0.0,0.0,1
312,female,8.0,1.0,0.0,0.0,gmail,0.0,0.0,0
1711,female,1.0,0.0,0.0,0.0,gmail,0.0,0.0,0
1642,male,3.0,0.0,0.0,0.0,gmail,0.0,0.0,0
1758,male,2.0,0.0,0.0,0.0,nate,0.0,0.0,0
1217,female,1.0,0.0,0.0,0.0,nate,0.0,1.0,0
1389,female,31.0,0.0,0.0,15.0,gmail,0.0,0.0,0
292,female,1.0,1.0,0.0,0.0,naver,1.0,0.0,0
1622,female,1.0,0.0,0.0,0.0,gmail,0.0,1.0,0
12,male,2.0,2.0,1.0,0.0,naver,0.5,0.0,1
61,female,2.0,2.0,2.0,0.0,gmail,0.0,0.0,0
1720,male,2.0,0.0,0.0,0.0,other,0.0,0.0,0
906,male,2.0,0.0,0.0,0.0,gmail,0.5,0.0,0
868,female,,,,0.0,gmail,0.0,0.0,0
444,male,11.0,0.0,0.0,3.0,gmail,0.09090909090909093,0.09090909090909093,0
2135,male,1.0,0.0,0.0,0.0,naver,1.0,0.0,0
1509,female,1.0,0.0,0.0,0.0,gmail,0.0,0.0,0
1256,female,1.0,0.0,0.0,0.0,other,0.0,0.0,0
351,male,8.0,0.0,0.0,0.0,naver,0.0,0.0,0
1783,female,1.0,0.0,0.0,0.0,gmail,0.0,0.0,0
1930,male,2.0,0.0,0.0,0.0,gmail,0.5,0.0,0
1449,female,1.0,0.0,0.0,0.0,naver,1.0,0.0,0
2054,female,2.0,0.0,0.0,0.0,gmail,0.0,0.0,0
531,female,33.0,0.0,0.0,56.0,gmail,0.0,0.0,0
793,male,1.0,0.0,0.0,0.0,gmail,0.0,0.0,0
1206,male,1.0,0.0,0.0,0.0,naver,0.0,0.0,0
88,female,62.0,4.0,1.0,34.0,gmail,0.0,0.0,1
1049,female,1.0,0.0,0.0,0.0,hanmail,0.0,1.0,0
350,female,1.0,0.0,0.0,0.0,gmail,0.0,0.0,0
18,female,6.0,6.0,6.0,2.0,naver,0.0,0.0,1
782,male,1.0,0.0,0.0,0.0,gmail,0.0,1.0,0
826,female,61.0,0.0,0.0,12.0,gmail,0.032786885245901634,0.0,0
809,male,98.0,0.0,0.0,49.0,gmail,0.010204081632653059,0.9387755102040816,0
1425,male,,,,1.0,other,0.0,0.0,0
1939,male,21.0,0.0,0.0,0.0,gmail,0.0,0.0,0
1762,male,1.0,0.0,0.0,0.0,naver,0.0,0.0,0
1994,female,1.0,0.0,0.0,0.0,gmail,0.0,1.0,0
1971,female,1.0,0.0,0.0,0.0,naver,0.0,0.0,0
1749,male,1.0,0.0,0.0,0.0,gmail,0.0,0.0,0
831,female,23.0,0.0,0.0,0.0,naver,0.08695652173913042,0.0,0
1551,male,12.0,0.0,0.0,2.0,naver,0.0,0.0,0
1569,female,2.0,0.0,0.0,0.0,gmail,0.0,0.0,0
1374,female,30.0,0.0,0.0,0.0,gmail,0.03333333333333333,1.0,0
933,male,4.0,0.0,0.0,0.0,gmail,0.0,0.0,0
2063,male,4.0,0.0,0.0,0.0,gmail,0.0,0.0,0
1075,male,1.0,0.0,0.0,0.0,gmail,0.0,0.0,0
33,male,5.0,5.0,5.0,0.0,gmail,0.4,0.4,1
1310,female,2.0,0.0,0.0,0.0,other,0.5,0.0,0
931,male,1.0,0.0,0.0,0.0,naver,1.0,1.0,0
317,female,,,,0.0,gmail,0.0,0.0,0
247,male,1.0,1.0,0.0,0.0,hanmail,0.0,0.0,0
2077,female,1.0,0.0,0.0,0.0,gmail,0.0,0.0,0
2088,female,3.0,0.0,0.0,0.0,other,0.3333333333333333,0.0,0
1454,male,4.0,0.0,0.0,0.0,gmail,0.0,0.0,0
322,female,88.0,2.0,0.0,17.0,gmail,0.11363636363636365,0.625,0
763,male,3.0,0.0,0.0,0.0,naver,0.0,0.0,0
1978,male,1.0,0.0,0.0,0.0,naver,1.0,1.0,0
1755,female,5.0,0.0,0.0,0.0,gmail,0.2,0.8,0
1669,female,7.0,0.0,0.0,0.0,gmail,0.0,0.7142857142857143,0
1597,female,4.0,0.0,0.0,0.0,naver,0.0,0.0,0
336,male,1.0,1.0,0.0,358.0,other,0.0,1.0,1
1429,female,1.0,0.0,0.0,0.0,gmail,0.0,1.0,0
1996,female,1.0,0.0,0.0,0.0,gmail,0.0,0.0,0
837,male,1.0,0.0,0.0,0.0,gmail,0.0,0.0,0
464,male,1.0,0.0,0.0,0.0,gmail,1.0,0.0,0
1181,female,,,,0.0,gmail,0.0,1.0,0
413,female,5.0,0.0,0.0,0.0,gmail,0.0,0.0,0
1150,male,4.0,0.0,0.0,0.0,gmail,1.0,0.0,1
972,female,1.0,0.0,0.0,0.0,gmail,0.0,1.0,0
1640,female,,,,7.0,gmail,0.0625,0.0,0
658,female,35.0,0.0,0.0,15.0,naver,0.0,0.0,1
1261,female,1.0,0.0,0.0,0.0,other,0.0,0.0,0
528,male,,,,0.0,nate,0.0,0.0,0
853,female,1.0,0.0,0.0,0.0,gmail,0.0,0.0,0
1285,female,4.0,0.0,0.0,0.0,naver,0.75,0.0,0
2037,male,2.0,0.0,0.0,0.0,gmail,0.5,0.5,0
1511,female,1.0,0.0,0.0,0.0,gmail,0.0,0.0,0
598,female,1.0,0.0,0.0,0.0,naver,0.0,0.0,0
2015,male,1.0,0.0,0.0,0.0,naver,0.0,0.0,0
1690,female,,,,0.0,gmail,0.0,0.0,0
1157,female,2.0,0.0,0.0,0.0,gmail,0.0,0.0,0
1693,female,4.0,0.0,0.0,3.0,gmail,0.25,0.75,0
1938,female,1.0,0.0,0.0,0.0,naver,0.0,0.0,0
1933,male,1.0,0.0,0.0,0.0,gmail,0.0,0.0,0
637,female,2.0,0.0,0.0,0.0,gmail,0.0,0.0,0
106,female,6.0,2.0,1.0,0.0,naver,0.0,0.0,0
353,female,8.0,0.0,0.0,1.0,gmail,0.0,0.125,0
319,male,17.0,2.0,0.0,0.0,gmail,0.0,0.0,0
667,female,1.0,0.0,0.0,0.0,naver,0.0,0.0,0
624,female,1.0,0.0,0.0,0.0,gmail,0.0,1.0,0
1882,female,1.0,0.0,0.0,0.0,gmail,1.0,1.0,0
1302,female,1.0,0.0,0.0,0.0,other,0.0,0.0,0
166,female,,,,0.0,gmail,1.0,0.0,0
1247,female,5.0,0.0,0.0,0.0,naver,0.0,1.0,0
76,female,45.0,1.0,1.0,149.0,gmail,0.0,0.0,1
1366,male,1.0,0.0,0.0,0.0,gmail,1.0,0.0,0
375,male,15.0,0.0,0.0,4.0,nate,0.26666666666666666,0.26666666666666666,0
2152,male,2.0,0.0,0.0,0.0,gmail,0.0,0.0,0
905,female,1.0,0.0,0.0,0.0,gmail,0.0,0.0,0
1140,female,7.0,0.0,0.0,12.0,other,0.0,0.8571428571428571,0
426,male,76.0,0.0,0.0,32.0,other,0.013157894736842105,0.0,0
1408,male,1.0,0.0,0.0,0.0,gmail,0.0,0.0,0
122,male,1.0,1.0,1.0,0.0,gmail,0.0,0.0,1
970,female,,,,43.0,other,0.0,0.0,0
1688,female,4.0,0.0,0.0,0.0,gmail,0.0,0.0,0
119,female,88.0,7.0,2.0,30.0,gmail,0.011363636363636364,0.0,1
265,male,27.0,8.0,0.0,1.0,other,0.3703703703703704,0.0,0
1548,female,1.0,0.0,0.0,0.0,gmail,1.0,1.0,0
844,female,30.0,0.0,0.0,13.0,naver,0.0,0.0,0
425,male,,,,0.0,gmail,0.0,0.0,0
1463,female,1.0,0.0,0.0,0.0,other,0.0,0.0,0
187,male,3.0,2.0,2.0,0.0,gmail,0.0,0.0,0
705,male,3.0,0.0,0.0,0.0,gmail,0.0,0.0,0
244,female,2.0,1.0,0.0,0.0,gmail,0.0,0.0,0
1401,female,19.0,0.0,0.0,6.0,gmail,0.05263157894736842,0.5263157894736842,0
1667,female,3.0,0.0,0.0,0.0,nate,0.0,0.0,0
1467,female,12.0,0.0,0.0,15.0,naver,0.0,0.0,0
505,female,1.0,0.0,0.0,0.0,gmail,0.0,0.0,0
1471,male,1.0,0.0,0.0,0.0,gmail,0.0,0.0,1
574,male,2.0,0.0,0.0,0.0,gmail,0.0,0.0,0
1423,female,1.0,0.0,0.0,0.0,hanmail,0.0,1.0,0
1539,female,17.0,0.0,0.0,4.0,gmail,0.0,0.7058823529411765,0
1816,female,1.0,0.0,0.0,0.0,gmail,0.0,0.0,0
1876,male,1.0,0.0,0.0,0.0,gmail,0.0,0.0,0
689,female,1.0,0.0,0.0,0.0,gmail,0.0,0.0,0
525,female,1.0,0.0,0.0,0.0,gmail,0.0,0.0,0
1473,male,2.0,0.0,0.0,0.0,naver,0.0,0.0,0
400,female,1.0,0.0,0.0,0.0,gmail,0.0,0.0,0
1898,male,,,,0.0,naver,0.0,0.0,0
1090,male,1.0,0.0,0.0,0.0,gmail,0.0,0.0,0
973,male,3.0,0.0,0.0,0.0,gmail,0.0,0.0,0
433,female,1.0,0.0,0.0,3.0,gmail,0.0,0.0,0
2016,female,1.0,0.0,0.0,0.0,other,0.0,0.0,0
1079,male,3.0,0.0,0.0,0.0,gmail,0.0,0.0,0
423,female,8.0,0.0,0.0,0.0,gmail,0.0,0.0,0
1568,female,1.0,0.0,0.0,0.0,naver,0.0,0.0,0
235,female,2.0,1.0,0.0,0.0,naver,0.0,0.0,0
1969,female,2.0,0.0,0.0,0.0,gmail,0.0,0.5,0
1406,female,7.0,0.0,0.0,0.0,other,0.0,0.0,0
1184,male,4.0,0.0,0.0,0.0,naver,0.0,0.75,0
1382,male,,,,0.0,naver,1.0,0.0,0
78,male,40.0,21.0,3.0,9.0,gmail,0.35,0.0,1
568,female,1.0,0.0,0.0,0.0,other,1.0,0.0,0
1447,male,2.0,0.0,0.0,0.0,naver,0.0,0.0,0
1113,male,1.0,0.0,0.0,0.0,naver,0.0,0.0,0
230,male,1.0,1.0,0.0,0.0,naver,0.0,1.0,0
1080,male,2.0,0.0,0.0,0.0,gmail,0.5,0.0,0
941,male,8.0,0.0,0.0,0.0,gmail,0.0,0.375,0
2009,female,2.0,0.0,0.0,0.0,gmail,0.0,0.0,0
1297,female,1.0,0.0,0.0,0.0,other,0.0,0.0,0
1512,female,1.0,0.0,0.0,0.0,nate,0.0,0.0,0
592,female,2.0,0.0,0.0,0.0,gmail,0.0,0.0,1
1427,female,,,,0.0,naver,0.07692307692307693,0.0,0
1057,male,1.0,0.0,0.0,0.0,gmail,1.0,0.0,0
1237,female,1.0,0.0,0.0,0.0,nate,0.0,1.0,0
1486,male,1.0,0.0,0.0,0.0,gmail,0.0,1.0,0
2163,female,1.0,0.0,0.0,0.0,naver,0.0,0.0,0
1945,female,1.0,0.0,0.0,0.0,gmail,0.0,1.0,0
835,male,1.0,0.0,0.0,0.0,gmail,0.0,0.0,0
2049,female,2.0,0.0,0.0,0.0,gmail,0.0,0.0,0
361,female,2.0,0.0,0.0,0.0,naver,0.0,0.0,0
744,female,11.0,0.0,0.0,0.0,gmail,0.0,0.0,0
455,male,32.0,0.0,0.0,10.0,gmail,0.1875,0.0,1
1399,female,2.0,0.0,0.0,0.0,other,0.0,1.0,1
60,male,,,,0.0,gmail,0.0,0.0,1
1685,female,1.0,0.0,0.0,0.0,naver,0.0,0.0,0
1218,female,2.0,0.0,0.0,0.0,nate,0.0,1.0,0
47,female,4.0,4.0,4.0,0.0,gmail,0.25,0.25,1
1133,female,3.0,0.0,0.0,0.0,gmail,0.6666666666666666,0.0,0
2147,male,1.0,0.0,0.0,0.0,gmail,0.0,0.0,0
434,female,1.0,0.0,0.0,2.0,gmail,0.0,0.0,0
1729,female,4.0,0.0,0.0,11.0,gmail,0.0,0.0,0
124,male,5.0,5.0,1.0,0.0,naver,0.0,0.0,1
1936,female,4.0,0.0,0.0,0.0,naver,0.0,0.0,0
1583,female,3.0,0.0,0.0,0.0,gmail,0.0,0.0,0
1993,male,3.0,0.0,0.0,0.0,gmail,0.0,0.0,0
347,male,18.0,1.0,0.0,1.0,gmail,0.0,0.0,0
110,female,32.0,1.0,1.0,2.0,gmail,0.21875,0.0,0
2155,male,4.0,0.0,0.0,11.0,other,0.0,0.0,0
946,male,32.0,0.0,0.0,0.0,naver,0.09375,0.0625,0
126,female,77.0,3.0,2.0,80.0,gmail,0.12987012987012986,0.0,1
802,female,1.0,0.0,0.0,0.0,hanmail,0.0,0.0,0
2044,male,1.0,0.0,0.0,0.0,hanmail,0.0,1.0,0
825,female,1.0,0.0,0.0,0.0,gmail,0.0,1.0,0
964,female,,,,0.0,gmail,0.0,0.0,0
656,male,1.0,0.0,0.0,0.0,other,0.0,0.0,0
1432,male,8.0,0.0,0.0,0.0,gmail,0.0,0.0,0
258,male,23.0,7.0,0.0,4.0,gmail,0.3043478260869565,0.0,1
381,female,1.0,0.0,0.0,0.0,other,0.0,0.0,1
1820,female,1.0,0.0,0.0,2.0,gmail,0.0,0.0,0
551,female,28.0,0.0,0.0,34.0,gmail,0.0,1.0,0
724,female,3.0,0.0,0.0,0.0,gmail,0.0,0.0,0
1136,female,6.0,0.0,0.0,0.0,gmail,0.16666666666666666,0.0,0
28,male,18.0,6.0,6.0,28.0,hanmail,0.05555555555555555,0.0,1
852,male,1.0,0.0,0.0,0.0,gmail,0.0,0.0,0
1288,female,1.0,0.0,0.0,0.0,nate,1.0,1.0,0
2117,female,,,,0.0,gmail,0.0,0.0,0
32,male,1.0,1.0,1.0,0.0,gmail,0.0,0.0,1
1921,female,1.0,0.0,0.0,0.0,gmail,0.0,1.0,0
1267,male,,,,0.0,gmail,0.0,1.0,0
2064,male,1.0,0.0,0.0,0.0,gmail,0.0,0.0,0
737,male,115.0,0.0,0.0,81.0,gmail,0.008695652173913044,0.9130434782608696,1
2181,female,1.0,0.0,0.0,0.0,gmail,1.0,0.0,0
1111,male,1.0,0.0,0.0,0.0,gmail,0.0,0.0,0
1877,male,7.0,0.0,0.0,0.0,gmail,0.14285714285714285,0.42857142857142855,0
200,male,1.0,1.0,0.0,0.0,gmail,1.0,1.0,1
1092,female,1.0,0.0,0.0,0.0,hanmail,1.0,1.0,0
58,male,15.0,5.0,2.0,2.0,gmail,0.0,0.13333333333333333,1
1666,female,,,,0.0,nate,0.2,0.2,0
1701,female,,,,0.0,naver,0.0,0.0,0
2027,female,1.0,0.0,0.0,0.0,naver,0.0,0.0,0
1835,female,1.0,0.0,0.0,0.0,gmail,1.0,0.0,0
1909,male,1.0,0.0,0.0,0.0,gmail,0.0,0.0,0
151,male,1.0,1.0,1.0,0.0,other,0.0,0.0,1
2101,male,1.0,0.0,0.0,0.0,gmail,0.0,0.0,0
610,male,1.0,0.0,0.0,0.0,gmail,0.0,1.0,0
1510,female,1.0,0.0,0.0,0.0,gmail,1.0,1.0,0
1362,female,30.0,0.0,0.0,6.0,gmail,0.03333333333333333,0.03333333333333333,0
2011,male,2.0,0.0,0.0,0.0,gmail,1.0,0.0,1
1152,male,2.0,0.0,0.0,0.0,gmail,0.0,0.0,0
521,male,1.0,0.0,0.0,0.0,gmail,0.0,0.0,0
1209,male,1.0,0.0,0.0,0.0,gmail,1.0,0.0,0
138,male,1.0,1.0,1.0,0.0,gmail,0.0,0.0,0
173,female,3.0,1.0,1.0,0.0,gmail,0.0,1.0,0
2056,male,1.0,0.0,0.0,0.0,gmail,0.0,0.0,0
128,female,1.0,1.0,1.0,0.0,naver,0.0,0.0,0
779,male,60.0,0.0,0.0,19.0,naver,0.15,0.15,1
561,female,6.0,0.0,0.0,0.0,gmail,0.0,0.0,0
326,male,65.0,1.0,0.0,12.0,gmail,0.09230769230769233,0.0,0
301,female,2.0,1.0,0.0,0.0,gmail,0.0,0.5,0
395,male,3.0,0.0,0.0,0.0,gmail,0.0,0.0,0
473,female,,,,1.0,other,0.0,0.0,0
1974,male,1.0,0.0,0.0,0.0,gmail,0.0,0.0,0
1785,male,,,,0.0,gmail,0.0,0.0,1
1620,male,1.0,0.0,0.0,0.0,gmail,0.0,0.0,0
26,male,33.0,17.0,2.0,1.0,gmail,0.12121212121212124,0.0,1
938,male,18.0,0.0,0.0,0.0,gmail,0.0,0.0,1
851,male,6.0,0.0,0.0,0.0,gmail,0.0,1.0,0
2062,female,14.0,0.0,0.0,5.0,gmail,0.0,1.0,0
1054,female,2.0,0.0,0.0,0.0,gmail,1.0,0.0,1
1259,male,1.0,0.0,0.0,0.0,other,0.0,0.0,0
2157,female,2.0,0.0,0.0,23.0,other,0.0,0.0,0
452,male,7.0,0.0,0.0,0.0,naver,0.14285714285714285,0.0,0
1148,male,1.0,0.0,0.0,0.0,naver,0.0,1.0,0
1131,male,1.0,0.0,0.0,0.0,gmail,0.0,0.0,0
1628,male,,,,0.0,gmail,0.0,0.0,0
1225,female,1.0,0.0,0.0,0.0,naver,0.0,1.0,0
1988,male,1.0,0.0,0.0,0.0,gmail,0.0,0.0,0
96,female,3.0,2.0,1.0,0.0,gmail,0.3333333333333333,0.0,0
300,male,1.0,1.0,0.0,0.0,other,0.0,0.0,0
496,male,1.0,0.0,0.0,0.0,gmail,0.0,0.0,0
169,female,1.0,1.0,1.0,0.0,gmail,0.0,0.0,0
939,female,7.0,0.0,0.0,0.0,gmail,0.0,0.0,0
1513,female,10.0,0.0,0.0,12.0,naver,0.0,0.0,0
1846,male,12.0,0.0,0.0,4.0,gmail,0.0,0.8333333333333334,0
1377,female,15.0,0.0,0.0,0.0,gmail,0.0,0.0,0
1778,female,1.0,0.0,0.0,0.0,naver,0.0,0.0,0
201,male,,,,0.0,naver,0.5,0.5,1
2023,female,1.0,0.0,0.0,0.0,gmail,0.0,0.0,0
1313,female,2.0,0.0,0.0,0.0,other,0.5,0.0,0
1639,female,1.0,0.0,0.0,0.0,gmail,0.0,1.0,0
1887,female,,,,0.0,nate,0.0,0.0,0
1424,female,1.0,0.0,0.0,0.0,naver,0.0,1.0,0
1088,female,4.0,0.0,0.0,0.0,gmail,0.5,0.0,0
739,male,27.0,0.0,0.0,0.0,gmail,0.037037037037037035,0.037037037037037035,0
1780,male,1.0,0.0,0.0,0.0,gmail,0.0,0.0,0
994,female,1.0,0.0,0.0,0.0,gmail,0.0,0.0,0
1537,female,2.0,0.0,0.0,0.0,gmail,0.0,0.0,0
270,male,2.0,1.0,0.0,0.0,gmail,0.0,1.0,0
1182,female,10.0,0.0,0.0,1.0,gmail,0.0,0.0,0
1422,female,2.0,0.0,0.0,0.0,gmail,0.0,0.0,0
238,female,8.0,1.0,0.0,0.0,gmail,0.0,0.0,0
396,female,16.0,0.0,0.0,2.0,gmail,0.0,0.0,0
949,female,52.0,0.0,0.0,37.0,gmail,0.0,0.0,0
1081,female,4.0,0.0,0.0,0.0,gmail,1.0,1.0,0
1046,female,1.0,0.0,0.0,0.0,gmail,0.0,0.0,0
1588,female,1.0,0.0,0.0,0.0,naver,0.0,0.0,0
1822,male,1.0,0.0,0.0,0.0,other,0.0,0.0,0
125,male,236.0,6.0,1.0,82.0,gmail,0.00423728813559322,0.0,1
1979,female,1.0,0.0,0.0,0.0,gmail,0.0,0.0,0
1165,female,1.0,0.0,0.0,0.0,gmail,0.0,0.0,0
1451,male,3.0,0.0,0.0,0.0,other,0.3333333333333333,0.0,0
178,female,1.0,1.0,1.0,0.0,gmail,0.0,0.0,0
1493,male,4.0,0.0,0.0,4.0,gmail,0.0,0.0,0
2068,male,1.0,0.0,0.0,0.0,gmail,0.0,1.0,0
2109,male,1.0,0.0,0.0,0.0,gmail,0.0,0.0,0
1196,female,1.0,0.0,0.0,0.0,nate,0.0,1.0,0
1327,female,1.0,0.0,0.0,0.0,naver,1.0,0.0,0
498,male,5.0,0.0,0.0,0.0,naver,0.0,0.0,0
1529,male,,,,28.0,gmail,0.0,1.0,0
1981,male,3.0,0.0,0.0,0.0,gmail,0.0,0.0,0
316,male,1.0,1.0,0.0,0.0,gmail,0.0,0.0,0
405,female,1.0,0.0,0.0,0.0,gmail,0.0,0.0,0
753,female,,,,9.0,naver,0.0,0.6666666666666666,0
1307,female,1.0,0.0,0.0,0.0,naver,0.0,1.0,0
646,female,3.0,0.0,0.0,0.0,naver,0.0,0.0,0
1989,female,1.0,0.0,0.0,0.0,gmail,0.0,0.0,0
1394,male,10.0,0.0,0.0,0.0,naver,0.0,0.0,0
819,male,6.0,0.0,0.0,3.0,naver,0.0,1.0,0
2058,female,1.0,0.0,0.0,0.0,other,0.0,0.0,0
1908,male,,,,0.0,gmail,0.0,0.0,0
556,female,14.0,0.0,0.0,0.0,gmail,0.14285714285714285,0.0,0
346,male,1.0,1.0,0.0,0.0,gmail,0.0,1.0,1
1598,female,1.0,0.0,0.0,0.0,naver,0.0,0.0,0
602,female,1.0,0.0,0.0,0.0,gmail,0.0,1.0,0
1078,male,1.0,0.0,0.0,0.0,naver,0.0,1.0,0
798,male,2.0,0.0,0.0,0.0,naver,0.0,0.0,0
1699,female,,,,0.0,gmail,0.0,1.0,0
1164,male,11.0,0.0,0.0,0.0,gmail,0.0,1.0,0
269,female,2.0,1.0,0.0,0.0,gmail,0.0,0.0,0
1323,female,2.0,0.0,0.0,0.0,naver,1.0,0.0,0
1174,female,1.0,0.0,0.0,0.0,other,1.0,0.0,0
1694,female,1.0,0.0,0.0,0.0,gmail,0.0,0.0,0
897,male,1.0,0.0,0.0,0.0,gmail,0.0,1.0,0
513,female,1.0,0.0,0.0,0.0,naver,0.0,0.0,0
849,male,20.0,0.0,0.0,0.0,gmail,0.05,0.3,0
1584,female,1.0,0.0,0.0,0.0,gmail,0.0,1.0,0
2097,female,1.0,0.0,0.0,0.0,other,0.0,0.0,0
947,male,22.0,0.0,0.0,6.0,gmail,0.09090909090909093,0.09090909090909093,0
669,male,3.0,0.0,0.0,0.0,naver,0.6666666666666666,0.0,0
428,male,1.0,0.0,0.0,1.0,gmail,0.0,0.0,0
1647,female,19.0,0.0,0.0,0.0,gmail,0.2631578947368421,0.0,0
1814,female,1.0,0.0,0.0,0.0,gmail,0.0,1.0,0
348,female,1.0,1.0,0.0,0.0,other,0.0,0.0,0
1889,male,,,,0.0,gmail,0.0,0.0,0
761,male,54.0,0.0,0.0,30.0,gmail,0.12962962962962962,0.0,0
548,male,1.0,0.0,0.0,0.0,naver,0.0,0.0,0
153,female,1.0,1.0,1.0,0.0,gmail,0.0,0.0,0
1541,male,1.0,0.0,0.0,0.0,gmail,0.0,0.0,0
183,female,1.0,1.0,1.0,0.0,hanmail,0.0,0.0,0
1147,male,,,,0.0,gmail,0.0,0.0,0
2076,female,1.0,0.0,0.0,0.0,gmail,0.0,1.0,0
745,male,61.0,0.0,0.0,62.0,naver,0.0,0.0,0
424,female,1.0,0.0,0.0,6.0,gmail,0.0,1.0,0
605,female,6.0,0.0,0.0,0.0,hanmail,0.16666666666666666,0.0,0
1630,male,5.0,0.0,0.0,0.0,gmail,0.2,1.0,0
72,female,125.0,50.0,12.0,3.0,naver,0.92,0.0,1
107,male,2.0,2.0,2.0,0.0,other,0.0,0.0,0
1839,male,1.0,0.0,0.0,0.0,gmail,0.0,0.0,0
1957,female,1.0,0.0,0.0,0.0,gmail,0.0,1.0,0
2168,male,5.0,0.0,0.0,0.0,other,0.0,0.0,0
2010,male,4.0,0.0,0.0,0.0,gmail,1.0,1.0,0
1492,male,1.0,0.0,0.0,0.0,gmail,0.0,0.0,0
589,female,3.0,0.0,0.0,0.0,gmail,0.3333333333333333,0.0,0
82,male,1.0,1.0,1.0,0.0,gmail,0.0,0.0,1
1130,female,,,,0.0,naver,1.0,0.0,0
746,male,6.0,0.0,0.0,0.0,nate,0.0,0.0,0
1339,male,1.0,0.0,0.0,0.0,gmail,0.0,1.0,0
1263,female,1.0,0.0,0.0,0.0,gmail,0.0,1.0,0
2138,male,5.0,0.0,0.0,9.0,naver,0.0,0.0,0
408,male,1.0,0.0,0.0,0.0,gmail,0.0,1.0,0
778,female,12.0,0.0,0.0,0.0,gmail,0.0,0.0,0
1275,female,1.0,0.0,0.0,0.0,hanmail,1.0,0.0,0
99,female,132.0,12.0,3.0,166.0,other,0.0,0.0,0
738,male,1.0,0.0,0.0,0.0,naver,0.0,1.0,0
718,female,6.0,0.0,0.0,0.0,gmail,0.0,0.0,0
2146,female,1.0,0.0,0.0,0.0,gmail,0.0,0.0,0
1873,female,4.0,0.0,0.0,0.0,gmail,0.0,0.5,0
2137,female,1.0,0.0,0.0,0.0,gmail,0.0,0.0,0
544,male,5.0,0.0,0.0,1.0,naver,0.0,0.8,0
1558,male,5.0,0.0,0.0,0.0,gmail,0.0,0.0,0
476,female,1.0,0.0,0.0,1.0,other,0.0,0.0,0
918,female,1.0,0.0,0.0,0.0,gmail,0.0,0.0,0
1194,female,1.0,0.0,0.0,0.0,gmail,0.0,1.0,0
1973,male,3.0,0.0,0.0,0.0,naver,0.3333333333333333,0.0,0
1055,female,2.0,0.0,0.0,0.0,gmail,0.5,0.5,0
1800,female,1.0,0.0,0.0,0.0,gmail,0.0,0.0,0
85,female,5.0,5.0,5.0,2.0,gmail,0.0,0.0,0
715,female,1.0,0.0,0.0,0.0,other,0.0,0.0,0
1163,male,,,,0.0,other,0.0,0.0,0
1975,male,,,,0.0,naver,0.3333333333333333,0.0,0
1061,female,3.0,0.0,0.0,0.0,gmail,0.3333333333333333,1.0,0
1766,male,2.0,0.0,0.0,0.0,hanmail,0.0,0.0,0
1158,female,1.0,0.0,0.0,0.0,gmail,0.0,0.0,0
601,male,2.0,0.0,0.0,0.0,gmail,0.0,0.0,0
371,female,2.0,0.0,0.0,0.0,gmail,0.0,0.0,0
261,female,1.0,1.0,0.0,0.0,gmail,0.0,0.0,0
161,male,33.0,2.0,1.0,0.0,naver,0.09090909090909093,0.09090909090909093,1
1396,male,20.0,0.0,0.0,24.0,naver,0.0,0.35,0
188,female,1.0,1.0,1.0,0.0,gmail,0.0,0.0,0
1250,female,,,,0.0,other,0.0,0.0,0
1102,female,50.0,0.0,0.0,0.0,naver,0.0,0.0,0
1067,male,1.0,0.0,0.0,0.0,gmail,0.0,0.0,0
1858,male,1.0,0.0,0.0,0.0,naver,0.0,0.0,0
742,female,32.0,0.0,0.0,25.0,gmail,0.0,0.0,0
1255,female,1.0,0.0,0.0,0.0,other,0.0,0.0,0
743,female,1.0,0.0,0.0,0.0,gmail,1.0,1.0,0
1676,male,3.0,0.0,0.0,0.0,gmail,0.6666666666666666,0.0,0
170,female,3.0,1.0,1.0,1.0,nate,0.0,0.0,0
127,male,1.0,1.0,1.0,0.0,gmail,0.0,0.0,0
707,male,9.0,0.0,0.0,0.0,nate,0.0,1.0,0
10,male,7.0,2.0,2.0,0.0,gmail,0.0,0.0,1
1456,female,7.0,0.0,0.0,0.0,gmail,0.14285714285714285,0.0,0
649,female,1.0,0.0,0.0,0.0,gmail,0.0,0.0,0
2,female,21.0,19.0,18.0,49.0,gmail,0.0,0.9523809523809524,1
580,female,1.0,0.0,0.0,0.0,gmail,0.0,0.0,0
866,male,12.0,0.0,0.0,0.0,gmail,0.0,0.0,0
998,male,1.0,0.0,0.0,0.0,gmail,0.0,0.0,0
1214,female,1.0,0.0,0.0,0.0,gmail,0.0,1.0,0
1253,female,1.0,0.0,0.0,0.0,nate,0.0,1.0,0
1168,female,1.0,0.0,0.0,0.0,gmail,0.0,0.0,0
1919,male,1.0,0.0,0.0,0.0,gmail,0.0,0.0,0
693,male,1.0,0.0,0.0,0.0,nate,0.0,0.0,0
1967,male,,,,0.0,gmail,0.0,1.0,0
1895,male,1.0,0.0,0.0,0.0,naver,0.0,0.0,0
254,male,1.0,1.0,0.0,0.0,naver,0.0,0.0,0
412,male,11.0,0.0,0.0,0.0,naver,0.09090909090909093,0.0,0
997,female,1.0,0.0,0.0,0.0,other,0.0,0.0,0
1966,female,3.0,0.0,0.0,0.0,gmail,0.0,0.0,0
2059,female,3.0,0.0,0.0,2.0,gmail,0.0,0.0,0
1488,female,1.0,0.0,0.0,0.0,gmail,0.0,0.0,0
1002,male,2.0,0.0,0.0,0.0,gmail,0.0,0.0,0
309,female,1.0,1.0,0.0,0.0,gmail,0.0,1.0,0
1190,male,1.0,0.0,0.0,0.0,gmail,0.0,0.0,0
1439,male,,,,11.0,other,0.0,0.0,1
1977,female,1.0,0.0,0.0,0.0,gmail,1.0,0.0,0
1791,female,1.0,0.0,0.0,0.0,gmail,0.0,0.0,0
2119,female,1.0,0.0,0.0,0.0,other,0.0,1.0,0
1421,male,5.0,0.0,0.0,16.0,gmail,0.0,0.0,0
2012,male,,,,0.0,other,0.0,1.0,0
980,female,3.0,0.0,0.0,0.0,gmail,0.0,0.0,0
1890,female,1.0,0.0,0.0,0.0,naver,1.0,0.0,0
193,female,2.0,2.0,1.0,0.0,naver,0.0,0.0,0
1239,female,1.0,0.0,0.0,0.0,other,1.0,0.0,0
1446,female,1.0,0.0,0.0,0.0,naver,1.0,0.0,0
1810,male,2.0,0.0,0.0,0.0,naver,0.0,0.0,0
2003,female,1.0,0.0,0.0,0.0,gmail,0.0,0.0,0
727,female,4.0,0.0,0.0,0.0,naver,0.0,0.0,0
686,male,1.0,0.0,0.0,0.0,naver,1.0,0.0,0
19,male,6.0,6.0,4.0,1.0,gmail,0.16666666666666666,0.0,1
1325,male,1.0,0.0,0.0,0.0,naver,0.0,1.0,0
94,male,1.0,1.0,1.0,0.0,gmail,0.0,1.0,0
92,female,1.0,1.0,1.0,0.0,gmail,0.0,0.0,0
2107,male,1.0,0.0,0.0,0.0,other,0.0,1.0,0
860,male,1.0,0.0,0.0,0.0,gmail,0.0,0.0,0
279,female,28.0,11.0,0.0,12.0,naver,0.7857142857142857,0.0,1
1838,male,2.0,0.0,0.0,0.0,naver,0.0,0.0,0
31,male,2.0,2.0,2.0,6.0,gmail,0.0,0.0,0
943,female,1.0,0.0,0.0,0.0,gmail,0.0,1.0,0
1710,male,1.0,0.0,0.0,0.0,gmail,0.0,0.0,0
1494,female,1.0,0.0,0.0,0.0,other,0.0,1.0,0
759,female,37.0,0.0,0.0,3.0,gmail,0.0,0.0,0
1236,female,1.0,0.0,0.0,0.0,other,1.0,0.0,0
1038,male,,,,0.0,gmail,0.0,0.0,0
770,female,13.0,0.0,0.0,18.0,gmail,0.0,0.0,1
2141,male,1.0,0.0,0.0,0.0,gmail,0.0,0.0,0
882,male,,,,0.0,gmail,0.0,1.0,0
1074,female,1.0,0.0,0.0,0.0,naver,0.0,1.0,0
1373,male,4.0,0.0,0.0,0.0,naver,0.0,0.0,0
1530,female,,,,26.0,gmail,0.0,0.0,1
603,male,1.0,0.0,0.0,0.0,gmail,0.0,0.0,0
507,male,7.0,0.0,0.0,2.0,gmail,0.0,1.0,0
74,female,19.0,4.0,3.0,1.0,naver,0.0,0.0,0
1624,male,3.0,0.0,0.0,0.0,gmail,0.0,0.0,0
97,male,1.0,1.0,1.0,0.0,gmail,0.0,0.0,0
583,male,7.0,0.0,0.0,0.0,naver,0.0,0.0,0
1458,female,1.0,0.0,0.0,0.0,gmail,1.0,0.0,0
638,male,1.0,0.0,0.0,0.0,gmail,0.0,1.0,0
990,male,8.0,0.0,0.0,0.0,hanmail,0.0,0.0,0
971,male,1.0,0.0,0.0,0.0,gmail,0.0,0.0,0
1241,male,,,,0.0,other,1.0,0.0,0
2124,male,1.0,0.0,0.0,0.0,naver,0.0,0.0,0
1071,male,1.0,0.0,0.0,0.0,gmail,1.0,0.0,0
1692,female,,,,0.0,naver,0.0,0.0,0
150,female,3.0,1.0,1.0,0.0,gmail,0.0,0.0,1
1884,female,18.0,0.0,0.0,0.0,gmail,0.05555555555555555,0.0,0
1342,female,1.0,0.0,0.0,0.0,other,1.0,0.0,0
1829,male,1.0,0.0,0.0,3.0,naver,0.0,0.0,0
660,female,,,,0.0,gmail,0.0,0.0,0
1370,male,1.0,0.0,0.0,0.0,other,0.0,1.0,0
620,male,,,,0.0,hanmail,0.0,1.0,0
1334,male,1.0,0.0,0.0,0.0,other,1.0,0.0,0
1629,female,3.0,0.0,0.0,0.0,gmail,0.0,0.0,0
2046,female,,,,9.0,other,0.0,0.0,0
453,female,8.0,0.0,0.0,0.0,gmail,0.25,0.625,1
981,female,2.0,0.0,0.0,0.0,naver,0.5,0.0,0
859,female,1.0,0.0,0.0,0.0,gmail,0.0,0.0,0
1771,male,1.0,0.0,0.0,0.0,gmail,0.0,0.0,0
2013,female,3.0,0.0,0.0,0.0,gmail,0.0,0.0,0
1508,female,,,,0.0,gmail,0.0,0.0,1
1821,female,4.0,0.0,0.0,0.0,nate,0.0,0.0,0
2080,male,2.0,0.0,0.0,0.0,gmail,0.0,1.0,0
406,female,26.0,0.0,0.0,9.0,gmail,0.0,0.0,0
2159,female,1.0,0.0,0.0,0.0,gmail,0.0,0.0,0
226,female,,,,0.0,gmail,0.0,0.0,0
2151,male,24.0,0.0,0.0,41.0,other,0.0,0.0,0
2134,male,1.0,0.0,0.0,0.0,gmail,0.0,0.0,0
1420,female,1.0,0.0,0.0,0.0,naver,0.0,0.0,0
1014,male,1.0,0.0,0.0,0.0,gmail,0.0,0.0,0
1428,female,1.0,0.0,0.0,0.0,other,0.0,0.0,0
1330,female,,,,0.0,naver,1.0,1.0,0
1357,male,1.0,0.0,0.0,0.0,gmail,0.0,1.0,0
1741,male,1.0,0.0,0.0,0.0,gmail,0.0,0.0,0
750,female,3.0,0.0,0.0,0.0,naver,0.0,0.0,0
35,female,15.0,3.0,1.0,2.0,naver,0.0,0.2,0
1154,female,1.0,0.0,0.0,0.0,gmail,1.0,0.0,0
291,male,2.0,1.0,0.0,0.0,gmail,0.0,0.0,0
1311,female,2.0,0.0,0.0,0.0,other,0.5,0.0,0
1806,female,,,,0.0,gmail,0.0,0.0,0
390,male,,,,0.0,gmail,1.0,0.0,0
840,female,2.0,0.0,0.0,0.0,gmail,0.0,0.0,0
1723,male,5.0,0.0,0.0,0.0,gmail,0.0,0.8,0
1436,male,7.0,0.0,0.0,0.0,gmail,0.2857142857142857,0.2857142857142857,0
490,male,28.0,0.0,0.0,5.0,gmail,0.17857142857142858,0.0,0
1769,female,1.0,0.0,0.0,0.0,gmail,0.0,0.0,0
2032,male,1.0,0.0,0.0,0.0,gmail,1.0,0.0,0
368,male,3.0,0.0,0.0,0.0,gmail,0.0,0.0,0
2079,male,1.0,0.0,0.0,0.0,gmail,0.0,0.0,0
1474,female,1.0,0.0,0.0,0.0,hanmail,0.0,0.0,0
1886,female,5.0,0.0,0.0,9.0,other,0.0,0.0,0
2098,female,4.0,0.0,0.0,2.0,other,0.0,0.0,0
1760,female,,,,0.0,naver,0.0,0.0,0
1312,male,2.0,0.0,0.0,0.0,other,0.5,0.0,0
1524,male,,,,0.0,gmail,0.0,0.0,0
930,female,64.0,0.0,0.0,50.0,other,0.015625,0.0,0
229,male,2.0,1.0,0.0,0.0,gmail,0.5,0.5,0
1073,male,1.0,0.0,0.0,0.0,nate,1.0,1.0,0
1219,female,12.0,0.0,0.0,0.0,gmail,0.0,0.9166666666666666,0
590,female,7.0,0.0,0.0,0.0,gmail,0.0,0.0,0
1462,female,5.0,0.0,0.0,0.0,naver,0.0,0.0,0
2035,female,1.0,0.0,0.0,0.0,naver,0.0,0.0,0
863,male,1.0,0.0,0.0,0.0,gmail,0.0,0.0,0
1252,male,1.0,0.0,0.0,0.0,other,0.0,0.0,0
1740,male,4.0,0.0,0.0,7.0,gmail,0.0,0.0,0
771,male,1.0,0.0,0.0,0.0,nate,0.0,0.0,0
327,female,16.0,1.0,0.0,0.0,naver,0.0625,0.0,0
1860,female,1.0,0.0,0.0,0.0,gmail,0.0,0.0,0
1083,female,2.0,0.0,0.0,0.0,gmail,1.0,1.0,1
1070,female,1.0,0.0,0.0,0.0,gmail,1.0,0.0,0
1849,male,7.0,0.0,0.0,0.0,gmail,0.0,0.0,0
1801,male,,,,0.0,naver,0.0,0.0,0
1098,male,1.0,0.0,0.0,0.0,naver,1.0,0.0,0
2055,male,1.0,0.0,0.0,0.0,naver,0.0,0.0,0
1037,male,1.0,0.0,0.0,0.0,gmail,0.0,0.0,0
1747,female,5.0,0.0,0.0,9.0,other,0.0,0.0,0
1226,male,1.0,0.0,0.0,0.0,gmail,0.0,1.0,0
683,female,3.0,0.0,0.0,0.0,gmail,0.0,0.0,0
626,male,1.0,0.0,0.0,0.0,gmail,0.0,0.0,0
1781,male,1.0,0.0,0.0,0.0,gmail,0.0,0.0,0
2047,female,2.0,0.0,0.0,0.0,other,0.0,0.0,0
695,female,23.0,0.0,0.0,8.0,gmail,0.0,0.0,0
1065,female,1.0,0.0,0.0,0.0,gmail,0.0,1.0,0
780,male,22.0,0.0,0.0,11.0,gmail,0.0,0.0,0
1649,female,5.0,0.0,0.0,9.0,gmail,0.0,0.0,0
1348,male,1.0,0.0,0.0,0.0,other,1.0,0.0,0
101,male,6.0,6.0,6.0,0.0,other,0.5,0.0,0
2144,female,,,,96.0,gmail,0.0,1.0,0
1322,male,1.0,0.0,0.0,0.0,gmail,1.0,0.0,0
608,female,3.0,0.0,0.0,0.0,gmail,0.0,0.0,0
721,male,119.0,0.0,0.0,55.0,gmail,0.0,1.0,0
915,female,8.0,0.0,0.0,0.0,gmail,0.75,0.875,0
1258,female,1.0,0.0,0.0,0.0,other,0.0,0.0,0
131,female,,,,0.0,gmail,0.0,0.0,0
321,female,14.0,1.0,0.0,0.0,gmail,0.0,0.0,0
139,female,34.0,2.0,1.0,6.0,gmail,0.1176470588235294,0.1176470588235294,1
806,female,,,,110.0,gmail,0.022727272727272728,0.6818181818181818,0
228,female,4.0,3.0,0.0,0.0,gmail,0.0,0.0,0
917,male,1.0,0.0,0.0,0.0,gmail,0.0,0.0,0
1128,male,1.0,0.0,0.0,0.0,other,0.0,0.0,0
1826,female,1.0,0.0,0.0,0.0,gmail,0.0,0.0,0
259,male,20.0,1.0,0.0,0.0,gmail,0.0,0.0,0
1498,male,13.0,0.0,0.0,0.0,gmail,0.0,1.0,0
704,female,1.0,0.0,0.0,0.0,gmail,0.0,0.0,0
179,male,,,,0.0,gmail,0.0,0.0,0
1879,female,1.0,0.0,0.0,0.0,gmail,0.0,1.0,0
529,female,1.0,0.0,0.0,0.0,gmail,0.0,0.0,0
1794,male,2.0,0.0,0.0,0.0,gmail,0.0,0.0,0
550,male,3.0,0.0,0.0,0.0,gmail,0.0,1.0,0
1602,female,3.0,0.0,0.0,0.0,gmail,0.0,0.6666666666666666,0
1907,male,21.0,0.0,0.0,9.0,gmail,0.0,0.0,0
1571,male,3.0,0.0,0.0,0.0,gmail,0.0,0.0,0
1802,female,10.0,0.0,0.0,0.0,gmail,0.0,0.0,0
2148,female,1.0,0.0,0.0,0.0,gmail,0.0,0.0,0
913,male,2.0,0.0,0.0,0.0,gmail,0.0,0.0,0
1491,female,5.0,0.0,0.0,0.0,gmail,0.0,1.0,0
1042,female,1.0,0.0,0.0,0.0,gmail,0.0,1.0,0
518,male,2.0,0.0,0.0,0.0,naver,0.5,0.5,0
1599,male,1.0,0.0,0.0,0.0,gmail,0.0,0.0,0
1106,male,2.0,0.0,0.0,0.0,gmail,0.5,0.0,0
1904,female,1.0,0.0,0.0,0.0,gmail,0.0,0.0,0
343,female,39.0,2.0,0.0,1.0,gmail,0.4358974358974359,1.0,1
1000,female,,,,0.0,hanmail,0.0,0.0,0
1114,female,2.0,0.0,0.0,0.0,gmail,0.0,0.0,0
1564,male,4.0,0.0,0.0,1.0,gmail,0.0,1.0,0
810,female,6.0,0.0,0.0,0.0,gmail,0.16666666666666666,0.16666666666666666,0
320,male,4.0,1.0,0.0,0.0,gmail,0.0,0.0,1
260,male,47.0,4.0,0.0,33.0,gmail,0.0,0.0,0
1547,male,1.0,0.0,0.0,0.0,gmail,1.0,1.0,0
1856,male,1.0,0.0,0.0,0.0,gmail,0.0,0.0,0
988,female,1.0,0.0,0.0,0.0,naver,0.0,0.0,0
1365,female,1.0,0.0,0.0,0.0,gmail,0.0,1.0,0
1799,male,4.0,0.0,0.0,0.0,naver,0.0,0.75,0
2091,female,2.0,0.0,0.0,0.0,gmail,1.0,0.0,0
1124,male,1.0,0.0,0.0,0.0,gmail,0.0,0.0,0
2120,female,1.0,0.0,0.0,0.0,gmail,0.0,0.0,0
1691,female,1.0,0.0,0.0,0.0,gmail,0.0,0.0,0
1280,female,1.0,0.0,0.0,0.0,other,0.0,0.0,0
1533,female,4.0,0.0,0.0,0.0,gmail,0.0,1.0,0
1134,female,1.0,0.0,0.0,0.0,nate,1.0,0.0,0
676,male,41.0,0.0,0.0,23.0,other,0.04878048780487805,0.0,1
389,female,,,,1.0,gmail,0.6,0.6,0
1453,female,4.0,0.0,0.0,0.0,gmail,1.0,0.0,0
250,female,1.0,1.0,0.0,0.0,gmail,0.0,0.0,0
666,female,1.0,0.0,0.0,0.0,naver,1.0,0.0,0
982,female,1.0,0.0,0.0,0.0,naver,0.0,0.0,0
823,male,3.0,0.0,0.0,0.0,gmail,0.0,0.0,0
2145,female,1.0,0.0,0.0,0.0,naver,0.0,0.0,0
932,female,2.0,0.0,0.0,0.0,naver,1.0,0.0,0
2177,male,1.0,0.0,0.0,0.0,gmail,0.0,1.0,0
1146,female,10.0,0.0,0.0,0.0,gmail,0.2,0.2,0
1472,female,24.0,0.0,0.0,11.0,hanmail,0.125,0.0,0
1211,male,19.0,0.0,0.0,0.0,nate,0.7368421052631579,0.0,0
185,female,1.0,1.0,1.0,0.0,gmail,0.0,0.0,0
282,male,1.0,1.0,0.0,0.0,gmail,0.0,1.0,1
630,male,5.0,0.0,0.0,0.0,gmail,0.0,1.0,0
856,female,1.0,0.0,0.0,0.0,gmail,0.0,0.0,0
1132,male,3.0,0.0,0.0,0.0,gmail,0.0,0.0,1
475,female,1.0,0.0,0.0,1.0,other,0.0,0.0,0
109,male,5.0,2.0,1.0,0.0,gmail,0.2,0.2,0
231,male,,,,0.0,gmail,0.0,0.0,0
1626,female,1.0,0.0,0.0,0.0,naver,0.0,0.0,0
1698,female,4.0,0.0,0.0,0.0,gmail,0.0,0.0,0
367,female,48.0,0.0,0.0,0.0,naver,0.0625,0.0,0
1578,male,17.0,0.0,0.0,5.0,other,0.0,0.0,0
522,female,1.0,0.0,0.0,0.0,gmail,0.0,0.0,1
43,male,1.0,1.0,1.0,0.0,other,0.0,1.0,0
1298,male,1.0,0.0,0.0,0.0,other,0.0,0.0,0
535,male,11.0,0.0,0.0,0.0,gmail,0.09090909090909093,0.8181818181818182,1
14,female,2.0,2.0,2.0,0.0,gmail,0.0,1.0,0
1913,female,1.0,0.0,0.0,0.0,gmail,0.0,0.0,0
1018,male,5.0,0.0,0.0,3.0,gmail,0.0,0.0,0
1823,male,,,,0.0,naver,0.0,0.0,0
264,male,22.0,2.0,0.0,21.0,naver,0.0,0.0,1
298,female,3.0,3.0,0.0,0.0,nate,0.0,0.6666666666666666,0
220,female,2.0,1.0,0.0,0.0,naver,0.5,1.0,0
1868,male,,,,0.0,naver,0.0,0.0,0
848,male,1.0,0.0,0.0,0.0,naver,0.0,1.0,0
144,female,1.0,1.0,1.0,0.0,naver,0.0,0.0,0
842,male,25.0,0.0,0.0,17.0,gmail,0.04,0.0,0
257,male,10.0,2.0,0.0,1.0,gmail,0.0,0.0,1
1144,female,3.0,0.0,0.0,0.0,gmail,0.6666666666666666,0.0,0
1870,female,,,,0.0,gmail,0.0,0.0,0
242,male,1.0,1.0,0.0,0.0,gmail,0.0,0.0,0
1231,female,2.0,0.0,0.0,0.0,other,1.0,0.0,0
1905,male,2.0,0.0,0.0,0.0,naver,0.5,0.0,0
1861,female,,,,0.0,gmail,0.0,0.0,0
1815,male,2.0,0.0,0.0,0.0,gmail,0.0,1.0,0
359,female,1.0,0.0,0.0,0.0,gmail,0.0,1.0,0
432,male,112.0,0.0,0.0,91.0,gmail,0.125,0.0,0
1789,male,1.0,0.0,0.0,0.0,gmail,0.0,1.0,0
1652,male,1.0,0.0,0.0,0.0,other,0.0,0.0,0
674,female,1.0,0.0,0.0,0.0,gmail,0.0,0.0,0
386,male,1.0,0.0,0.0,0.0,gmail,0.0,0.0,0
857,male,2.0,0.0,0.0,0.0,gmail,0.0,0.0,0
1244,male,,,,0.0,other,0.0,0.0,0
1465,female,4.0,0.0,0.0,6.0,gmail,0.0,1.0,0
1376,female,1.0,0.0,0.0,0.0,gmail,0.0,0.0,0
1329,female,1.0,0.0,0.0,0.0,naver,0.0,1.0,0
1416,female,1.0,0.0,0.0,0.0,gmail,0.0,0.0,0
1617,male,1.0,0.0,0.0,0.0,gmail,0.0,0.0,0
1153,female,,,,0.0,nate,1.0,0.0,0
858,male,1.0,0.0,0.0,0.0,gmail,0.0,0.0,0
697,female,1.0,0.0,0.0,0.0,gmail,0.0,1.0,0
1405,female,16.0,0.0,0.0,1.0,gmail,0.0625,0.0625,0
904,female,1.0,0.0,0.0,0.0,gmail,0.0,1.0,0
154,female,2.0,2.0,1.0,0.0,nate,0.0,1.0,0
925,female,2.0,0.0,0.0,0.0,naver,0.0,1.0,0
1824,female,2.0,0.0,0.0,2.0,other,0.0,0.0,0
888,female,1.0,0.0,0.0,0.0,gmail,0.0,0.0,0
671,female,1.0,0.0,0.0,0.0,nate,0.0,0.0,0
1983,female,3.0,0.0,0.0,0.0,gmail,1.0,0.0,0
1575,female,5.0,0.0,0.0,0.0,gmail,0.0,0.0,0
657,male,26.0,0.0,0.0,23.0,gmail,0.07692307692307693,0.07692307692307693,0
1616,female,5.0,0.0,0.0,0.0,gmail,0.0,1.0,0
1480,female,1.0,0.0,0.0,0.0,naver,0.0,0.0,0
773,female,1.0,0.0,0.0,0.0,naver,0.0,0.0,0
1572,male,1.0,0.0,0.0,0.0,gmail,0.0,0.0,0
1097,male,4.0,0.0,0.0,0.0,nate,0.0,0.0,0
1591,female,,,,0.0,gmail,0.0,0.0,0
2085,male,,,,2.0,gmail,0.0,0.0,0
365,male,22.0,0.0,0.0,12.0,gmail,0.0,0.0,0
2156,female,2.0,0.0,0.0,0.0,gmail,0.0,0.0,0
570,male,,,,0.0,other,0.0,0.0,0
2034,female,1.0,0.0,0.0,0.0,other,0.0,0.0,0
2007,male,,,,0.0,gmail,0.0,1.0,0
393,female,4.0,0.0,0.0,1.0,gmail,0.0,0.5,0
515,female,1.0,0.0,0.0,0.0,gmail,0.0,0.0,0
1833,male,6.0,0.0,0.0,4.0,gmail,0.0,0.0,0
1985,male,,,,0.0,gmail,0.5,0.5,0
792,female,13.0,0.0,0.0,0.0,gmail,0.9230769230769232,0.9230769230769232,0
523,male,1.0,0.0,0.0,0.0,naver,1.0,0.0,0
865,male,1.0,0.0,0.0,0.0,nate,0.0,0.0,0
1893,male,3.0,0.0,0.0,0.0,gmail,1.0,0.0,0
373,male,1.0,0.0,0.0,0.0,gmail,0.0,0.0,0
1545,male,1.0,0.0,0.0,0.0,gmail,0.0,1.0,1
748,male,2.0,0.0,0.0,0.0,gmail,0.0,0.0,0
985,female,1.0,0.0,0.0,0.0,naver,0.0,0.0,0
210,female,37.0,5.0,0.0,6.0,gmail,0.054054054054054064,0.054054054054054064,1
1027,male,1.0,0.0,0.0,0.0,gmail,0.0,0.0,0
1633,female,2.0,0.0,0.0,0.0,gmail,0.0,0.0,0
1773,male,2.0,0.0,0.0,0.0,gmail,0.0,0.0,0
1880,male,1.0,0.0,0.0,0.0,gmail,0.0,0.0,0
1632,female,1.0,0.0,0.0,0.0,gmail,0.0,0.0,0
616,female,4.0,0.0,0.0,0.0,naver,0.0,0.0,0
207,female,1.0,1.0,0.0,0.0,gmail,1.0,0.0,0
1932,male,3.0,0.0,0.0,0.0,gmail,0.0,0.0,0
1143,female,2.0,0.0,0.0,0.0,gmail,0.0,0.0,0
818,female,3.0,0.0,0.0,0.0,gmail,0.3333333333333333,0.3333333333333333,0
1442,female,,,,0.0,gmail,0.0,0.0,0
1499,female,1.0,0.0,0.0,0.0,gmail,0.0,1.0,0
1748,female,1.0,0.0,0.0,0.0,gmail,0.0,0.0,0
618,male,1.0,0.0,0.0,0.0,gmail,0.0,0.0,0
2118,female,3.0,0.0,0.0,0.0,other,0.0,0.0,0
1440,female,4.0,0.0,0.0,11.0,naver,0.0,0.0,0
1381,male,,,,0.0,naver,0.0,0.0,0
93,female,,,,0.0,gmail,0.0,0.0,0
1469,male,2.0,0.0,0.0,0.0,gmail,1.0,0.0,0
1169,female,1.0,0.0,0.0,0.0,gmail,0.0,0.0,0
2116,male,,,,0.0,other,0.0,1.0,0
1468,male,1.0,0.0,0.0,0.0,gmail,0.0,0.0,0
53,male,117.0,17.0,5.0,9.0,gmail,0.034188034188034185,0.0,1
1520,male,5.0,0.0,0.0,0.0,naver,0.0,0.0,0
181,female,,,,0.0,naver,0.0,0.8888888888888888,0
56,male,8.0,1.0,1.0,0.0,gmail,0.0,0.0,0
769,male,,,,0.0,gmail,0.0,0.0,0
45,male,8.0,6.0,5.0,0.0,hanmail,0.0,0.0,1
975,male,1.0,0.0,0.0,0.0,gmail,0.0,0.0,0
1934,female,2.0,0.0,0.0,0.0,gmail,0.0,0.0,0
299,female,1.0,1.0,0.0,0.0,naver,0.0,0.0,0
1052,male,,,,0.0,gmail,1.0,0.0,0
380,female,1.0,0.0,0.0,0.0,gmail,0.0,0.0,0
1961,male,,,,0.0,other,0.0,0.0,1
813,male,10.0,0.0,0.0,0.0,naver,0.0,0.0,1
1734,male,3.0,0.0,0.0,0.0,naver,0.0,0.0,0
1349,female,1.0,0.0,0.0,0.0,other,1.0,0.0,0
1577,male,16.0,0.0,0.0,10.0,gmail,0.0,0.0,0
1631,female,6.0,0.0,0.0,0.0,other,0.0,0.0,0
1722,male,,,,0.0,gmail,0.0,0.0,0
1704,female,2.0,0.0,0.0,0.0,gmail,1.0,1.0,0
1567,female,4.0,0.0,0.0,0.0,naver,0.0,1.0,0
2142,male,1.0,0.0,0.0,0.0,gmail,1.0,1.0,0
1587,male,1.0,0.0,0.0,0.0,gmail,0.0,0.0,0
2014,female,1.0,0.0,0.0,0.0,gmail,0.0,1.0,0
593,female,1.0,0.0,0.0,0.0,gmail,0.0,0.0,0
2093,female,1.0,0.0,0.0,0.0,gmail,0.0,0.0,0
121,female,54.0,11.0,2.0,7.0,gmail,0.0,0.0,1
1611,female,1.0,0.0,0.0,0.0,other,0.0,0.0,0
474,female,1.0,0.0,0.0,1.0,other,0.0,0.0,0
687,male,,,,0.0,naver,0.1111111111111111,0.0,1
1296,female,1.0,0.0,0.0,0.0,other,0.0,0.0,0
995,female,8.0,0.0,0.0,0.0,naver,0.125,0.125,0
206,male,1.0,1.0,0.0,0.0,gmail,0.0,0.0,0
751,male,23.0,0.0,0.0,0.0,gmail,0.0,0.0,0
839,female,101.0,0.0,0.0,1.0,gmail,0.0396039603960396,1.0,0
246,female,11.0,3.0,0.0,2.0,naver,0.18181818181818185,0.0,1
1187,female,1.0,0.0,0.0,0.0,gmail,0.0,0.0,0
324,female,35.0,5.0,0.0,2.0,naver,0.057142857142857134,0.0,0
1104,female,1.0,0.0,0.0,0.0,naver,0.0,1.0,0
204,female,2.0,2.0,0.0,0.0,gmail,0.0,0.0,0
703,female,1.0,0.0,0.0,0.0,gmail,1.0,1.0,0
547,female,,,,0.0,naver,0.0,0.0,0
747,male,52.0,0.0,0.0,28.0,gmail,0.0,0.0,0
288,female,,,,0.0,gmail,0.1276595744680851,0.1276595744680851,0
89,female,19.0,9.0,8.0,0.0,naver,0.4736842105263158,0.4736842105263158,1
1538,female,,,,0.0,naver,0.0,0.0,0
846,male,1.0,0.0,0.0,0.0,gmail,1.0,0.0,0
890,female,1.0,0.0,0.0,0.0,gmail,0.0,0.0,0
1950,male,1.0,0.0,0.0,0.0,gmail,1.0,0.0,0
887,male,2.0,0.0,0.0,0.0,nate,0.0,0.0,0
111,female,,,,0.0,gmail,0.0,0.0,0
1899,male,10.0,0.0,0.0,0.0,other,0.3,0.5,0
189,female,1.0,1.0,1.0,0.0,gmail,0.0,1.0,0
1987,male,1.0,0.0,0.0,0.0,naver,0.0,1.0,0
198,male,1.0,1.0,1.0,0.0,naver,1.0,0.0,0
171,female,1.0,1.0,1.0,0.0,gmail,0.0,0.0,0
508,female,1.0,0.0,0.0,0.0,other,0.0,0.0,0
1811,female,1.0,0.0,0.0,0.0,other,0.0,1.0,0
2004,female,,,,0.0,gmail,0.0,0.0,0
1053,female,1.0,0.0,0.0,0.0,gmail,0.0,0.0,0
733,male,,,,0.0,gmail,0.0,0.0,0
1496,female,54.0,0.0,0.0,24.0,gmail,0.037037037037037035,0.0,0
1834,female,1.0,0.0,0.0,0.0,gmail,0.0,0.0,0
277,female,1.0,1.0,0.0,0.0,gmail,1.0,1.0,0
186,male,2.0,2.0,2.0,0.0,gmail,0.5,0.0,0
2051,male,3.0,0.0,0.0,0.0,gmail,1.0,0.0,0
1189,male,1.0,0.0,0.0,0.0,naver,1.0,0.0,0
1047,male,1.0,0.0,0.0,0.0,gmail,0.0,0.0,0
1726,female,3.0,0.0,0.0,0.0,gmail,0.6666666666666666,0.0,0
2102,male,1.0,0.0,0.0,0.0,gmail,0.0,0.0,0
1344,female,,,,0.0,other,1.0,0.0,0
1526,male,3.0,0.0,0.0,0.0,naver,0.0,0.0,0
1495,female,4.0,0.0,0.0,0.0,gmail,0.25,0.0,1
812,female,,,,0.0,gmail,0.0,0.0,0
172,female,3.0,3.0,3.0,0.0,gmail,0.0,0.0,1
489,female,,,,4.0,gmail,0.0,0.0,0
790,female,2.0,0.0,0.0,0.0,gmail,0.0,0.0,0
460,female,1.0,0.0,0.0,0.0,gmail,0.0,0.0,1
1735,male,9.0,0.0,0.0,6.0,gmail,0.0,0.0,0
1407,male,,,,0.0,other,0.2222222222222222,0.4444444444444444,0
209,male,1.0,1.0,0.0,0.0,gmail,0.0,1.0,1
249,male,,,,0.0,gmail,0.0,0.0,0
558,female,3.0,0.0,0.0,0.0,naver,0.0,0.0,0
338,male,18.0,1.0,0.0,9.0,gmail,0.0,0.0,0
824,female,1.0,0.0,0.0,0.0,nate,0.0,0.0,0
1677,female,3.0,0.0,0.0,0.0,naver,0.0,1.0,0
113,female,1.0,1.0,1.0,0.0,other,0.0,0.0,1
1393,male,,,,0.0,gmail,0.0,0.0,0
974,female,1.0,0.0,0.0,0.0,naver,0.0,0.0,0
1483,female,1.0,0.0,0.0,0.0,naver,0.0,1.0,0
1199,female,25.0,0.0,0.0,11.0,naver,0.0,0.0,0
180,female,37.0,2.0,1.0,3.0,gmail,0.0,0.0,0
1657,female,1.0,0.0,0.0,0.0,gmail,0.0,1.0,0
1671,female,33.0,0.0,0.0,12.0,gmail,0.0,0.0,0
2104,male,23.0,0.0,0.0,12.0,other,0.0,0.0,0
1673,male,1.0,0.0,0.0,0.0,gmail,0.0,0.0,0
271,male,1.0,1.0,0.0,0.0,gmail,0.0,0.0,1
294,male,10.0,2.0,0.0,1.0,gmail,0.0,0.0,0
1372,female,5.0,0.0,0.0,0.0,gmail,1.0,0.0,0
397,female,1.0,0.0,0.0,0.0,hanmail,0.0,1.0,0
1271,male,1.0,0.0,0.0,0.0,gmail,1.0,0.0,0
147,female,2.0,2.0,2.0,0.0,gmail,0.0,0.0,0
1398,male,7.0,0.0,0.0,2.0,naver,0.0,0.0,0
1872,male,2.0,0.0,0.0,0.0,gmail,1.0,0.0,0
1273,male,1.0,0.0,0.0,0.0,nate,0.0,1.0,0
59,male,3.0,3.0,2.0,0.0,naver,0.0,1.0,1
1371,female,5.0,0.0,0.0,0.0,gmail,0.0,0.0,0
1116,female,1.0,0.0,0.0,0.0,gmail,0.0,0.0,0
17,female,1.0,1.0,1.0,0.0,gmail,0.0,0.0,0
145,female,9.0,1.0,1.0,0.0,gmail,0.0,0.0,0
1683,male,1.0,0.0,0.0,1.0,gmail,0.0,0.0,0
9,male,7.0,6.0,6.0,0.0,naver,0.0,0.5714285714285714,1
661,female,1.0,0.0,0.0,0.0,naver,0.0,0.0,0
1448,male,7.0,0.0,0.0,0.0,gmail,0.0,0.0,0
1902,male,1.0,0.0,0.0,0.0,gmail,0.0,0.0,0
479,female,1.0,0.0,0.0,1.0,other,0.0,0.0,0
1118,male,,,,0.0,gmail,0.0,0.0,0
1724,female,9.0,0.0,0.0,0.0,gmail,0.0,0.0,0
1360,female,,,,0.0,hanmail,0.0,0.0,0
1604,female,3.0,0.0,0.0,0.0,naver,0.0,0.0,0
784,male,38.0,0.0,0.0,14.0,gmail,0.0,0.0,0
1402,female,11.0,0.0,0.0,0.0,naver,0.0,0.0,0
2106,male,1.0,0.0,0.0,0.0,naver,0.0,0.0,0
2067,male,1.0,0.0,0.0,29.0,gmail,0.0,0.0,0
2005,male,1.0,0.0,0.0,0.0,gmail,0.0,1.0,0
969,male,6.0,0.0,0.0,0.0,gmail,0.3333333333333333,0.3333333333333333,0
908,female,23.0,0.0,0.0,2.0,gmail,0.0,0.0,0
87,female,28.0,8.0,1.0,1.0,gmail,0.0,0.0,1
1787,male,1.0,0.0,0.0,0.0,gmail,0.0,0.0,0
2173,male,1.0,0.0,0.0,0.0,gmail,0.0,0.0,0
1656,male,3.0,0.0,0.0,0.0,other,0.0,0.0,0
1069,male,,,,0.0,gmail,0.0,1.0,0
366,female,5.0,0.0,0.0,0.0,gmail,0.2,0.0,0
1319,female,2.0,0.0,0.0,0.0,other,0.5,0.0,0
1333,male,11.0,0.0,0.0,5.0,gmail,0.0,0.5454545454545454,0
2178,male,1.0,0.0,0.0,0.0,gmail,0.0,0.0,0
1242,female,1.0,0.0,0.0,0.0,other,1.0,0.0,0
1430,male,8.0,0.0,0.0,24.0,naver,0.125,0.125,1
2125,female,3.0,0.0,0.0,0.0,gmail,0.0,0.0,0
677,female,,,,0.0,gmail,0.0,1.0,0
1916,male,1.0,0.0,0.0,0.0,gmail,1.0,0.0,0
1385,female,6.0,0.0,0.0,7.0,gmail,0.0,0.0,0
1441,female,,,,0.0,gmail,0.3333333333333333,1.0,0
1383,female,15.0,0.0,0.0,0.0,gmail,0.0,0.0,0
213,female,,,,0.0,gmail,0.5,0.0,1
1871,female,1.0,0.0,0.0,0.0,gmail,0.0,0.0,0
805,male,1.0,0.0,0.0,0.0,gmail,0.0,0.0,0
1022,male,1.0,0.0,0.0,0.0,gmail,0.0,0.0,0
212,male,1.0,1.0,0.0,0.0,gmail,0.0,0.0,0
752,female,1.0,0.0,0.0,0.0,other,0.0,1.0,0
1012,male,3.0,0.0,0.0,0.0,naver,0.0,0.0,0
2065,male,13.0,0.0,0.0,0.0,gmail,0.9230769230769232,0.9230769230769232,0
57,male,1.0,1.0,1.0,0.0,other,0.0,0.0,1
1878,female,1.0,0.0,0.0,0.0,gmail,0.0,0.0,0
961,female,8.0,0.0,0.0,0.0,other,0.0,0.625,0
1507,female,21.0,0.0,0.0,1.0,gmail,0.0,0.0,0
1589,male,,,,0.0,gmail,0.0,0.0,0
807,female,1.0,0.0,0.0,0.0,naver,0.0,0.0,0
273,male,17.0,1.0,0.0,0.0,gmail,0.1176470588235294,0.0,1
1290,male,1.0,0.0,0.0,0.0,other,0.0,0.0,0
545,female,2.0,0.0,0.0,0.0,nate,0.0,0.0,0
651,female,1.0,0.0,0.0,0.0,naver,0.0,0.0,0
700,female,14.0,0.0,0.0,0.0,gmail,0.14285714285714285,0.7142857142857143,0
133,female,29.0,6.0,2.0,0.0,other,0.27586206896551724,0.0,1
1862,male,8.0,0.0,0.0,4.0,gmail,0.0,0.0,0
283,female,23.0,1.0,0.0,4.0,gmail,0.043478260869565216,0.13043478260869565,0
1603,male,9.0,0.0,0.0,0.0,gmail,0.1111111111111111,0.4444444444444444,0
776,female,1.0,0.0,0.0,0.0,gmail,0.0,0.0,0
827,male,1.0,0.0,0.0,0.0,gmail,0.0,0.0,0
1900,male,1.0,0.0,0.0,0.0,naver,0.0,0.0,0
491,male,1.0,0.0,0.0,0.0,gmail,0.0,0.0,0
698,female,1.0,0.0,0.0,0.0,gmail,0.0,0.0,0
1718,female,,,,0.0,naver,0.0,0.0,0
1341,male,1.0,0.0,0.0,0.0,other,1.0,0.0,0
1730,male,5.0,0.0,0.0,9.0,gmail,0.0,0.0,0
1103,male,1.0,0.0,0.0,0.0,nate,0.0,0.0,0
735,female,,,,0.0,gmail,0.0,1.0,0
287,male,1.0,1.0,0.0,0.0,gmail,0.0,0.0,1
838,female,5.0,0.0,0.0,0.0,naver,0.0,0.0,0
732,male,2.0,0.0,0.0,0.0,gmail,0.0,1.0,1
935,female,2.0,0.0,0.0,0.0,naver,0.5,0.0,0
1612,female,1.0,0.0,0.0,0.0,gmail,0.0,1.0,0
358,female,,,,4.0,gmail,0.2727272727272727,0.0,0
516,male,,,,0.0,gmail,0.0,0.0,0
2071,male,18.0,0.0,0.0,12.0,gmail,0.0,0.0,0
297,male,5.0,4.0,0.0,0.0,gmail,0.0,0.0,0
1664,male,1.0,0.0,0.0,0.0,naver,0.0,0.0,0
775,male,3.0,0.0,0.0,0.0,gmail,0.0,0.0,0
1546,female,1.0,0.0,0.0,0.0,gmail,0.0,0.0,0
441,female,2.0,0.0,0.0,0.0,gmail,0.0,0.0,0
1536,female,1.0,0.0,0.0,1.0,other,0.0,1.0,0
195,male,1.0,1.0,1.0,0.0,gmail,0.0,0.0,0
901,female,1.0,0.0,0.0,0.0,gmail,0.0,0.0,0
1500,female,1.0,0.0,0.0,0.0,gmail,0.0,0.0,0
115,male,134.0,29.0,7.0,3.0,other,0.17164179104477612,0.07462686567164177,1
1736,male,5.0,0.0,0.0,0.0,gmail,0.0,0.0,0
609,female,1.0,0.0,0.0,0.0,gmail,0.0,0.0,0
1972,female,1.0,0.0,0.0,0.0,gmail,0.0,0.0,0
2175,male,1.0,0.0,0.0,0.0,other,0.0,0.0,0
1725,male,8.0,0.0,0.0,0.0,gmail,0.125,0.0,0
1032,female,2.0,0.0,0.0,0.0,gmail,0.0,0.0,1
266,female,7.0,4.0,0.0,4.0,gmail,0.42857142857142855,0.0,1
1953,male,1.0,0.0,0.0,0.0,gmail,0.0,0.0,0
996,female,1.0,0.0,0.0,0.0,naver,1.0,1.0,0
1043,female,3.0,0.0,0.0,0.0,gmail,0.0,0.0,0
1129,female,1.0,0.0,0.0,0.0,gmail,0.0,0.0,0
2019,male,,,,0.0,gmail,0.0,0.0,0
205,female,2.0,2.0,0.0,0.0,gmail,0.0,1.0,0
2070,female,7.0,0.0,0.0,0.0,gmail,1.0,0.0,0
2143,female,1.0,0.0,0.0,0.0,gmail,0.0,1.0,0
1222,male,1.0,0.0,0.0,0.0,gmail,0.0,1.0,0
787,female,3.0,0.0,0.0,0.0,gmail,0.0,0.0,0
1553,female,1.0,0.0,0.0,0.0,gmail,0.0,0.0,0
1109,male,2.0,0.0,0.0,0.0,naver,0.0,0.0,1
1992,female,2.0,0.0,0.0,0.0,gmail,1.0,0.0,0
8,male,,,,0.0,gmail,0.0,0.0,1
713,female,1.0,0.0,0.0,0.0,naver,0.0,0.0,0
1386,male,14.0,0.0,0.0,10.0,other,0.0,0.35714285714285715,0
1660,male,1.0,0.0,0.0,0.0,naver,0.0,0.0,0
184,female,1.0,1.0,1.0,0.0,hanmail,0.0,0.0,1
49,male,236.0,93.0,17.0,17.0,gmail,0.1949152542372881,0.0,1
1287,male,1.0,0.0,0.0,0.0,naver,1.0,0.0,0
1487,male,1.0,0.0,0.0,0.0,naver,0.0,1.0,0
766,male,73.0,0.0,0.0,39.0,gmail,0.0821917808219178,0.0,0
1085,male,1.0,0.0,0.0,0.0,naver,1.0,1.0,0
20,female,2.0,2.0,2.0,0.0,gmail,0.0,1.0,1
883,female,29.0,0.0,0.0,0.0,gmail,0.03448275862068965,0.0,0
694,male,1.0,0.0,0.0,0.0,naver,0.0,0.0,0
1361,female,1.0,0.0,0.0,0.0,gmail,0.0,0.0,0
586,male,5.0,0.0,0.0,0.0,gmail,0.0,0.6,0
430,female,1.0,0.0,0.0,1.0,naver,0.0,0.0,0
1301,male,1.0,0.0,0.0,0.0,other,0.0,0.0,0
1570,male,1.0,0.0,0.0,0.0,gmail,0.0,0.0,0
1030,female,3.0,0.0,0.0,0.0,gmail,0.0,1.0,0
1207,female,1.0,0.0,0.0,0.0,gmail,0.0,1.0,0
446,female,6.0,0.0,0.0,0.0,gmail,0.5,0.5,0
1515,female,6.0,0.0,0.0,6.0,gmail,0.0,0.0,0
1951,male,1.0,0.0,0.0,0.0,other,0.0,0.0,1
1613,female,1.0,0.0,0.0,0.0,other,0.0,0.0,0
533,male,1.0,0.0,0.0,0.0,gmail,1.0,0.0,0
774,male,,,,0.0,hanmail,0.0,0.14285714285714285,0
681,female,1.0,0.0,0.0,0.0,other,0.0,0.0,0
1867,male,3.0,0.0,0.0,0.0,gmail,0.0,0.0,0
332,female,53.0,2.0,0.0,2.0,naver,0.1509433962264151,0.1509433962264151,0
1999,male,2.0,0.0,0.0,0.0,gmail,0.0,0.0,0
500,female,,,,0.0,naver,0.0,0.0,1
1713,male,,,,0.0,gmail,0.0,0.0,0
1706,female,1.0,0.0,0.0,0.0,gmail,1.0,0.0,0
527,male,1.0,0.0,0.0,0.0,gmail,0.0,0.0,0
454,female,1.0,0.0,0.0,0.0,gmail,0.0,0.0,0
1501,male,3.0,0.0,0.0,0.0,hanmail,0.6666666666666666,1.0,0
577,female,1.0,0.0,0.0,0.0,gmail,0.0,0.0,0
2017,female,3.0,0.0,0.0,0.0,gmail,0.6666666666666666,1.0,0
1141,female,1.0,0.0,0.0,0.0,other,1.0,0.0,0
236,male,,,,0.0,other,0.0,0.0,0
1417,female,7.0,0.0,0.0,0.0,naver,0.0,0.5714285714285714,0
653,male,53.0,0.0,0.0,20.0,gmail,0.0,0.9056603773584906,0
1419,male,1.0,0.0,0.0,0.0,naver,0.0,0.0,0
1306,female,1.0,0.0,0.0,0.0,other,0.0,1.0,0
2123,male,1.0,0.0,0.0,0.0,gmail,0.0,0.0,0
1476,female,1.0,0.0,0.0,0.0,gmail,0.0,0.0,0
1266,female,1.0,0.0,0.0,0.0,other,0.0,0.0,0
1400,male,15.0,0.0,0.0,0.0,gmail,0.06666666666666668,0.06666666666666668,0
352,female,24.0,0.0,0.0,0.0,naver,0.8333333333333334,0.9166666666666666,1
1896,female,2.0,0.0,0.0,0.0,other,0.0,0.0,0
992,male,1.0,0.0,0.0,0.0,gmail,1.0,0.0,0
539,female,,,,7.0,gmail,0.029411764705882363,1.0,0
46,male,36.0,6.0,1.0,4.0,naver,0.1388888888888889,0.0,1
2114,female,2.0,0.0,0.0,0.0,gmail,0.0,1.0,0
1020,male,,,,0.0,other,0.0,1.0,0
1008,female,1.0,0.0,0.0,0.0,gmail,0.0,0.0,1
1542,male,1.0,0.0,0.0,0.0,other,0.0,0.0,0
42,female,1.0,1.0,1.0,0.0,other,0.0,1.0,0
451,male,1.0,0.0,0.0,0.0,gmail,0.0,0.0,0
1039,male,1.0,0.0,0.0,0.0,gmail,0.0,0.0,0
1700,female,1.0,0.0,0.0,0.0,naver,1.0,0.0,0
1484,female,1.0,0.0,0.0,0.0,gmail,0.0,0.0,0
1837,male,1.0,0.0,0.0,0.0,gmail,0.0,0.0,0
404,male,74.0,0.0,0.0,16.0,gmail,0.14864864864864866,0.14864864864864866,1
2150,male,1.0,0.0,0.0,37.0,gmail,0.0,0.0,0
376,male,14.0,0.0,0.0,0.0,gmail,0.07142857142857142,0.07142857142857142,0
1605,male,3.0,0.0,0.0,0.0,gmail,0.0,0.0,0
2050,female,1.0,0.0,0.0,0.0,gmail,0.0,0.0,0
878,male,,,,0.0,gmail,0.0,1.0,0
876,female,2.0,0.0,0.0,0.0,naver,0.0,0.0,0
278,male,5.0,5.0,0.0,0.0,gmail,0.0,1.0,0
502,female,1.0,0.0,0.0,0.0,gmail,0.0,0.0,0
1580,female,21.0,0.0,0.0,20.0,gmail,0.047619047619047616,0.9523809523809524,0
538,male,1.0,0.0,0.0,0.0,gmail,0.0,0.0,0
225,female,8.0,2.0,0.0,0.0,gmail,0.5,0.0,0
1127,male,1.0,0.0,0.0,0.0,other,0.0,1.0,0
1161,male,7.0,0.0,0.0,0.0,other,0.0,1.0,0
1204,female,5.0,0.0,0.0,4.0,nate,0.0,0.0,0
237,male,1.0,1.0,0.0,0.0,gmail,0.0,1.0,0
1276,female,5.0,0.0,0.0,0.0,other,0.4,0.0,0
2020,male,2.0,0.0,0.0,0.0,other,0.0,1.0,0
1719,male,2.0,0.0,0.0,0.0,naver,0.0,0.0,0
411,male,3.0,0.0,0.0,0.0,gmail,0.0,0.0,0
335,female,4.0,1.0,0.0,1.0,naver,0.0,0.0,0
585,female,,,,0.0,other,0.0,0.0,0
1193,female,1.0,0.0,0.0,0.0,gmail,1.0,1.0,0
741,male,5.0,0.0,0.0,0.0,gmail,0.0,0.2,0
422,female,9.0,0.0,0.0,5.0,gmail,0.1111111111111111,0.1111111111111111,0
554,male,3.0,0.0,0.0,0.0,naver,0.0,1.0,0
730,female,184.0,0.0,0.0,282.0,other,0.125,0.016304347826086956,1
1173,female,28.0,0.0,0.0,0.0,gmail,0.0,0.0,0
1560,male,,,,0.0,gmail,0.0,1.0,0
976,female,22.0,0.0,0.0,0.0,gmail,0.9545454545454546,0.0,0
594,female,,,,12.0,gmail,0.0,0.0,0
1135,female,16.0,0.0,0.0,0.0,gmail,0.1875,0.0,0
1674,female,1.0,0.0,0.0,3.0,naver,0.0,0.0,0
1752,male,3.0,0.0,0.0,3.0,naver,0.0,0.0,0
164,female,10.0,1.0,1.0,7.0,other,0.0,0.8,0
644,female,5.0,0.0,0.0,0.0,gmail,0.0,0.0,0
567,male,1.0,0.0,0.0,0.0,gmail,0.0,0.0,0
2073,female,1.0,0.0,0.0,0.0,gmail,1.0,0.0,0
815,male,18.0,0.0,0.0,0.0,gmail,0.0,1.0,0
1477,male,7.0,0.0,0.0,0.0,gmail,0.0,0.0,0
114,female,1.0,1.0,1.0,0.0,gmail,1.0,1.0,0
1351,female,1.0,0.0,0.0,0.0,naver,0.0,0.0,0
587,male,,,,23.0,gmail,0.0,0.0,0
1105,male,1.0,0.0,0.0,0.0,gmail,1.0,0.0,0
963,female,3.0,0.0,0.0,0.0,naver,0.0,1.0,0
2132,female,,,,0.0,naver,0.0,1.0,0
1923,female,2.0,0.0,0.0,0.0,gmail,0.0,0.0,0
1009,male,1.0,0.0,0.0,0.0,gmail,0.0,0.0,1
2069,male,1.0,0.0,0.0,0.0,gmail,0.0,1.0,0
394,female,1.0,0.0,0.0,0.0,gmail,0.0,1.0,0
1198,female,1.0,0.0,0.0,0.0,other,0.0,0.0,0
706,female,,,,15.0,nate,0.0,0.0,0
391,female,81.0,0.0,0.0,99.0,gmail,0.0,0.0,0
1807,female,2.0,0.0,0.0,63.0,other,0.0,0.0,0
83,female,6.0,6.0,2.0,1.0,naver,0.0,0.5,1
889,female,1.0,0.0,0.0,0.0,gmail,0.0,0.0,0
379,male,,,,1.0,gmail,0.0,0.0,0
984,female,2.0,0.0,0.0,0.0,gmail,0.0,1.0,0
2133,female,1.0,0.0,0.0,0.0,other,0.0,0.0,0
512,male,1.0,0.0,0.0,0.0,gmail,0.0,0.0,0
1268,male,2.0,0.0,0.0,0.0,gmail,0.0,1.0,0
632,female,4.0,0.0,0.0,0.0,naver,0.0,0.0,0
1410,female,6.0,0.0,0.0,0.0,gmail,0.0,0.0,0
1922,male,1.0,0.0,0.0,0.0,gmail,0.0,1.0,0
578,male,18.0,0.0,0.0,1.0,gmail,0.0,0.0,0
377,male,7.0,0.0,0.0,0.0,gmail,0.0,0.0,0
13,male,1.0,1.0,1.0,0.0,gmail,0.0,0.0,0
1343,male,21.0,0.0,0.0,27.0,gmail,0.0,0.0,0
2158,female,2.0,0.0,0.0,5.0,gmail,0.0,0.0,0
251,female,27.0,11.0,0.0,1.0,gmail,0.037037037037037035,0.0,0
1115,female,1.0,0.0,0.0,0.0,gmail,0.0,1.0,0
1006,female,1.0,0.0,0.0,0.0,gmail,0.0,0.0,0
80,male,1.0,1.0,1.0,0.0,gmail,0.0,0.0,1
443,female,2.0,0.0,0.0,0.0,gmail,0.0,0.0,0
1731,female,18.0,0.0,0.0,27.0,gmail,0.0,0.0,0
1746,female,,,,0.0,gmail,0.0,0.0,0
0,female,3.0,1.0,1.0,0.0,gmail,0.0,0.0,1
1550,male,2.0,0.0,0.0,0.0,naver,0.0,0.0,0
267,male,2.0,1.0,0.0,0.0,gmail,0.0,0.0,0
1318,female,,,,0.0,other,0.5,0.0,0
1687,male,2.0,0.0,0.0,0.0,other,0.5,0.0,0
622,male,3.0,0.0,0.0,25.0,gmail,0.0,0.0,0
387,female,2.0,0.0,0.0,0.0,gmail,0.0,1.0,0
870,male,,,,0.0,gmail,0.0,0.0,0
1576,male,1.0,0.0,0.0,0.0,gmail,0.0,1.0,0
272,female,1.0,1.0,0.0,0.0,gmail,0.0,0.0,0
1215,female,,,,0.0,gmail,0.0,1.0,0
929,female,9.0,0.0,0.0,0.0,naver,0.2222222222222222,0.0,0
1557,male,1.0,0.0,0.0,0.0,gmail,0.0,0.0,0
1841,female,1.0,0.0,0.0,0.0,naver,0.0,0.0,0
1772,female,6.0,0.0,0.0,0.0,gmail,0.0,0.0,0
410,male,1.0,0.0,0.0,0.0,gmail,0.0,0.0,0
845,female,,,,0.0,gmail,0.4444444444444444,0.0,0
1056,female,,,,0.0,gmail,0.8,0.0,0
881,female,1.0,0.0,0.0,0.0,naver,0.0,0.0,0
1175,male,2.0,0.0,0.0,0.0,gmail,0.0,0.0,0
1434,female,,,,0.0,gmail,0.0,0.0,0
2025,male,1.0,0.0,0.0,6.0,gmail,0.0,0.0,0
1367,female,1.0,0.0,0.0,0.0,other,0.0,1.0,0
268,male,7.0,6.0,0.0,0.0,gmail,0.0,0.0,1
192,male,58.0,5.0,1.0,0.0,naver,0.13793103448275862,0.0,1
159,female,1.0,1.0,1.0,0.0,gmail,0.0,1.0,0
1139,male,101.0,0.0,0.0,36.0,naver,0.3564356435643564,1.0,0
1702,female,2.0,0.0,0.0,0.0,gmail,0.0,0.0,0
1240,female,1.0,0.0,0.0,0.0,other,1.0,0.0,0
2045,female,4.0,0.0,0.0,0.0,gmail,0.75,0.0,0
1068,male,1.0,0.0,0.0,0.0,gmail,1.0,1.0,0
1917,male,1.0,0.0,0.0,0.0,naver,0.0,0.0,0
2043,male,1.0,0.0,0.0,0.0,gmail,0.0,1.0,0
208,female,1.0,1.0,0.0,0.0,naver,1.0,0.0,0
1395,female,18.0,0.0,0.0,0.0,naver,0.0,0.0,0
1650,female,1.0,0.0,0.0,0.0,naver,0.0,1.0,0
1017,female,1.0,0.0,0.0,0.0,nate,0.0,0.0,0
1645,female,60.0,0.0,0.0,39.0,nate,0.0,0.0,1
1235,female,1.0,0.0,0.0,0.0,other,1.0,0.0,0
613,female,3.0,0.0,0.0,0.0,gmail,0.0,0.0,0
1223,female,1.0,0.0,0.0,0.0,naver,0.0,1.0,0
2089,male,1.0,0.0,0.0,0.0,gmail,0.0,0.0,0
892,male,20.0,0.0,0.0,11.0,gmail,0.0,0.0,0
1229,female,9.0,0.0,0.0,2.0,gmail,0.0,0.0,0
1654,female,5.0,0.0,0.0,0.0,naver,0.0,1.0,0
1818,female,1.0,0.0,0.0,0.0,naver,0.0,0.0,0
1176,female,21.0,0.0,0.0,1.0,gmail,0.7619047619047619,0.0,0
1076,female,1.0,0.0,0.0,0.0,naver,0.0,0.0,0
999,female,29.0,0.0,0.0,17.0,gmail,0.0,0.03448275862068965,0
1060,male,2.0,0.0,0.0,0.0,other,0.5,0.0,0
1232,female,11.0,0.0,0.0,0.0,naver,0.9090909090909092,0.0,0
1751,female,5.0,0.0,0.0,0.0,gmail,0.0,0.0,0
880,male,6.0,0.0,0.0,0.0,gmail,0.0,0.0,0
1208,male,4.0,0.0,0.0,0.0,naver,0.25,0.75,0
143,female,1.0,1.0,1.0,0.0,gmail,0.0,0.0,0
781,male,7.0,0.0,0.0,4.0,naver,0.0,0.0,0
177,female,2.0,2.0,2.0,0.0,gmail,0.0,0.0,1
1892,male,1.0,0.0,0.0,0.0,gmail,1.0,1.0,0
576,female,8.0,0.0,0.0,0.0,gmail,0.0,0.0,1
1733,female,1.0,0.0,0.0,0.0,gmail,0.0,0.0,0
1963,female,,,,3.0,other,0.1111111111111111,0.1111111111111111,0
1316,female,2.0,0.0,0.0,0.0,other,0.5,0.0,0
416,male,9.0,0.0,0.0,0.0,gmail,0.2222222222222222,0.0,0
510,female,5.0,0.0,0.0,0.0,gmail,0.0,1.0,0
597,male,1.0,0.0,0.0,0.0,gmail,0.0,0.0,0
642,male,1.0,0.0,0.0,0.0,naver,0.0,0.0,0
1431,male,5.0,0.0,0.0,0.0,gmail,0.0,0.0,0
1478,female,1.0,0.0,0.0,0.0,other,0.0,1.0,0
176,male,2.0,2.0,2.0,0.0,gmail,0.0,0.0,0
2154,female,,,,1.0,other,0.0,0.0,0
16,female,8.0,8.0,8.0,0.0,gmail,0.0,0.0,1
854,female,1.0,0.0,0.0,0.0,naver,0.0,0.0,0
